INSERT INTO objednavka (cislo_objednavky, datum_objednavky, cislo_stavu_objednavky, datum_stavu_objednavky) VALUES (0, to_date('26/10/2013', 'DD/MM/YYYY'), 1, to_date('03/02/2010', 'DD/MM/YYYY'));
INSERT INTO objednavka (cislo_objednavky, datum_objednavky, cislo_stavu_objednavky, datum_stavu_objednavky) VALUES (1, to_date('29/10/2017', 'DD/MM/YYYY'), 0, to_date('02/11/2017', 'DD/MM/YYYY'));
INSERT INTO objednavka (cislo_objednavky, datum_objednavky, cislo_stavu_objednavky, datum_stavu_objednavky) VALUES (2, to_date('26/12/2010', 'DD/MM/YYYY'), 0, to_date('02/02/2016', 'DD/MM/YYYY'));
INSERT INTO objednavka (cislo_objednavky, datum_objednavky, cislo_stavu_objednavky, datum_stavu_objednavky) VALUES (3, to_date('04/12/2011', 'DD/MM/YYYY'), 2, to_date('15/04/2011', 'DD/MM/YYYY'));
INSERT INTO objednavka (cislo_objednavky, datum_objednavky, cislo_stavu_objednavky, datum_stavu_objednavky) VALUES (4, to_date('24/02/2015', 'DD/MM/YYYY'), 1, to_date('16/08/2014', 'DD/MM/YYYY'));
INSERT INTO objednavka (cislo_objednavky, datum_objednavky, cislo_stavu_objednavky, datum_stavu_objednavky) VALUES (5, to_date('21/06/2017', 'DD/MM/YYYY'), 1, to_date('26/01/2015', 'DD/MM/YYYY'));
INSERT INTO objednavka (cislo_objednavky, datum_objednavky, cislo_stavu_objednavky, datum_stavu_objednavky) VALUES (6, to_date('13/09/2010', 'DD/MM/YYYY'), 2, to_date('15/02/2013', 'DD/MM/YYYY'));
INSERT INTO objednavka (cislo_objednavky, datum_objednavky, cislo_stavu_objednavky, datum_stavu_objednavky) VALUES (7, to_date('19/07/2013', 'DD/MM/YYYY'), 2, to_date('15/11/2017', 'DD/MM/YYYY'));
INSERT INTO objednavka (cislo_objednavky, datum_objednavky, cislo_stavu_objednavky, datum_stavu_objednavky) VALUES (8, to_date('17/03/2015', 'DD/MM/YYYY'), 2, to_date('21/06/2011', 'DD/MM/YYYY'));
INSERT INTO objednavka (cislo_objednavky, datum_objednavky, cislo_stavu_objednavky, datum_stavu_objednavky) VALUES (9, to_date('06/01/2016', 'DD/MM/YYYY'), 2, to_date('05/03/2012', 'DD/MM/YYYY'));
INSERT INTO objednavka (cislo_objednavky, datum_objednavky, cislo_stavu_objednavky, datum_stavu_objednavky) VALUES (10, to_date('17/01/2011', 'DD/MM/YYYY'), 1, to_date('18/09/2011', 'DD/MM/YYYY'));
INSERT INTO objednavka (cislo_objednavky, datum_objednavky, cislo_stavu_objednavky, datum_stavu_objednavky) VALUES (11, to_date('25/12/2015', 'DD/MM/YYYY'), 1, to_date('15/05/2010', 'DD/MM/YYYY'));
INSERT INTO objednavka (cislo_objednavky, datum_objednavky, cislo_stavu_objednavky, datum_stavu_objednavky) VALUES (12, to_date('02/02/2010', 'DD/MM/YYYY'), 0, to_date('19/05/2012', 'DD/MM/YYYY'));
INSERT INTO objednavka (cislo_objednavky, datum_objednavky, cislo_stavu_objednavky, datum_stavu_objednavky) VALUES (13, to_date('10/02/2017', 'DD/MM/YYYY'), 2, to_date('21/03/2015', 'DD/MM/YYYY'));
INSERT INTO objednavka (cislo_objednavky, datum_objednavky, cislo_stavu_objednavky, datum_stavu_objednavky) VALUES (14, to_date('20/04/2010', 'DD/MM/YYYY'), 0, to_date('09/12/2010', 'DD/MM/YYYY'));
INSERT INTO objednavka (cislo_objednavky, datum_objednavky, cislo_stavu_objednavky, datum_stavu_objednavky) VALUES (15, to_date('05/04/2016', 'DD/MM/YYYY'), 0, to_date('25/05/2014', 'DD/MM/YYYY'));
INSERT INTO objednavka (cislo_objednavky, datum_objednavky, cislo_stavu_objednavky, datum_stavu_objednavky) VALUES (16, to_date('24/05/2017', 'DD/MM/YYYY'), 0, to_date('01/05/2013', 'DD/MM/YYYY'));
INSERT INTO objednavka (cislo_objednavky, datum_objednavky, cislo_stavu_objednavky, datum_stavu_objednavky) VALUES (17, to_date('08/10/2017', 'DD/MM/YYYY'), 2, to_date('19/02/2013', 'DD/MM/YYYY'));
INSERT INTO objednavka (cislo_objednavky, datum_objednavky, cislo_stavu_objednavky, datum_stavu_objednavky) VALUES (18, to_date('30/05/2017', 'DD/MM/YYYY'), 1, to_date('03/12/2013', 'DD/MM/YYYY'));
INSERT INTO objednavka (cislo_objednavky, datum_objednavky, cislo_stavu_objednavky, datum_stavu_objednavky) VALUES (19, to_date('12/02/2017', 'DD/MM/YYYY'), 0, to_date('09/04/2014', 'DD/MM/YYYY'));
INSERT INTO objednavka (cislo_objednavky, datum_objednavky, cislo_stavu_objednavky, datum_stavu_objednavky) VALUES (20, to_date('23/08/2012', 'DD/MM/YYYY'), 1, to_date('26/01/2017', 'DD/MM/YYYY'));
INSERT INTO objednavka (cislo_objednavky, datum_objednavky, cislo_stavu_objednavky, datum_stavu_objednavky) VALUES (21, to_date('01/07/2012', 'DD/MM/YYYY'), 2, to_date('30/09/2013', 'DD/MM/YYYY'));
INSERT INTO objednavka (cislo_objednavky, datum_objednavky, cislo_stavu_objednavky, datum_stavu_objednavky) VALUES (22, to_date('27/11/2016', 'DD/MM/YYYY'), 2, to_date('05/05/2014', 'DD/MM/YYYY'));
INSERT INTO objednavka (cislo_objednavky, datum_objednavky, cislo_stavu_objednavky, datum_stavu_objednavky) VALUES (23, to_date('28/05/2010', 'DD/MM/YYYY'), 1, to_date('23/11/2014', 'DD/MM/YYYY'));
INSERT INTO objednavka (cislo_objednavky, datum_objednavky, cislo_stavu_objednavky, datum_stavu_objednavky) VALUES (24, to_date('30/03/2011', 'DD/MM/YYYY'), 1, to_date('24/05/2012', 'DD/MM/YYYY'));
INSERT INTO objednavka (cislo_objednavky, datum_objednavky, cislo_stavu_objednavky, datum_stavu_objednavky) VALUES (25, to_date('04/06/2013', 'DD/MM/YYYY'), 1, to_date('18/04/2015', 'DD/MM/YYYY'));
INSERT INTO objednavka (cislo_objednavky, datum_objednavky, cislo_stavu_objednavky, datum_stavu_objednavky) VALUES (26, to_date('26/11/2011', 'DD/MM/YYYY'), 2, to_date('27/05/2010', 'DD/MM/YYYY'));
INSERT INTO objednavka (cislo_objednavky, datum_objednavky, cislo_stavu_objednavky, datum_stavu_objednavky) VALUES (27, to_date('03/08/2010', 'DD/MM/YYYY'), 2, to_date('19/12/2016', 'DD/MM/YYYY'));
INSERT INTO objednavka (cislo_objednavky, datum_objednavky, cislo_stavu_objednavky, datum_stavu_objednavky) VALUES (28, to_date('09/01/2010', 'DD/MM/YYYY'), 1, to_date('13/12/2011', 'DD/MM/YYYY'));
INSERT INTO objednavka (cislo_objednavky, datum_objednavky, cislo_stavu_objednavky, datum_stavu_objednavky) VALUES (29, to_date('27/09/2016', 'DD/MM/YYYY'), 2, to_date('27/05/2010', 'DD/MM/YYYY'));
INSERT INTO objednavka (cislo_objednavky, datum_objednavky, cislo_stavu_objednavky, datum_stavu_objednavky) VALUES (30, to_date('06/10/2013', 'DD/MM/YYYY'), 1, to_date('05/09/2015', 'DD/MM/YYYY'));
INSERT INTO objednavka (cislo_objednavky, datum_objednavky, cislo_stavu_objednavky, datum_stavu_objednavky) VALUES (31, to_date('11/04/2010', 'DD/MM/YYYY'), 1, to_date('28/11/2011', 'DD/MM/YYYY'));
INSERT INTO objednavka (cislo_objednavky, datum_objednavky, cislo_stavu_objednavky, datum_stavu_objednavky) VALUES (32, to_date('21/05/2013', 'DD/MM/YYYY'), 2, to_date('14/08/2011', 'DD/MM/YYYY'));
INSERT INTO objednavka (cislo_objednavky, datum_objednavky, cislo_stavu_objednavky, datum_stavu_objednavky) VALUES (33, to_date('17/05/2013', 'DD/MM/YYYY'), 0, to_date('22/10/2010', 'DD/MM/YYYY'));
INSERT INTO objednavka (cislo_objednavky, datum_objednavky, cislo_stavu_objednavky, datum_stavu_objednavky) VALUES (34, to_date('13/11/2012', 'DD/MM/YYYY'), 1, to_date('20/08/2017', 'DD/MM/YYYY'));
INSERT INTO objednavka (cislo_objednavky, datum_objednavky, cislo_stavu_objednavky, datum_stavu_objednavky) VALUES (35, to_date('27/05/2010', 'DD/MM/YYYY'), 1, to_date('06/02/2011', 'DD/MM/YYYY'));
INSERT INTO objednavka (cislo_objednavky, datum_objednavky, cislo_stavu_objednavky, datum_stavu_objednavky) VALUES (36, to_date('13/04/2015', 'DD/MM/YYYY'), 1, to_date('27/03/2012', 'DD/MM/YYYY'));
INSERT INTO objednavka (cislo_objednavky, datum_objednavky, cislo_stavu_objednavky, datum_stavu_objednavky) VALUES (37, to_date('12/03/2014', 'DD/MM/YYYY'), 2, to_date('17/08/2010', 'DD/MM/YYYY'));
INSERT INTO objednavka (cislo_objednavky, datum_objednavky, cislo_stavu_objednavky, datum_stavu_objednavky) VALUES (38, to_date('31/07/2015', 'DD/MM/YYYY'), 0, to_date('09/08/2012', 'DD/MM/YYYY'));
INSERT INTO objednavka (cislo_objednavky, datum_objednavky, cislo_stavu_objednavky, datum_stavu_objednavky) VALUES (39, to_date('28/11/2014', 'DD/MM/YYYY'), 1, to_date('04/02/2013', 'DD/MM/YYYY'));
INSERT INTO objednavka (cislo_objednavky, datum_objednavky, cislo_stavu_objednavky, datum_stavu_objednavky) VALUES (40, to_date('15/09/2013', 'DD/MM/YYYY'), 0, to_date('25/12/2010', 'DD/MM/YYYY'));
INSERT INTO objednavka (cislo_objednavky, datum_objednavky, cislo_stavu_objednavky, datum_stavu_objednavky) VALUES (41, to_date('28/06/2013', 'DD/MM/YYYY'), 2, to_date('12/02/2016', 'DD/MM/YYYY'));
INSERT INTO objednavka (cislo_objednavky, datum_objednavky, cislo_stavu_objednavky, datum_stavu_objednavky) VALUES (42, to_date('04/04/2015', 'DD/MM/YYYY'), 0, to_date('09/12/2015', 'DD/MM/YYYY'));
INSERT INTO objednavka (cislo_objednavky, datum_objednavky, cislo_stavu_objednavky, datum_stavu_objednavky) VALUES (43, to_date('08/06/2011', 'DD/MM/YYYY'), 2, to_date('28/11/2010', 'DD/MM/YYYY'));
INSERT INTO objednavka (cislo_objednavky, datum_objednavky, cislo_stavu_objednavky, datum_stavu_objednavky) VALUES (44, to_date('18/03/2014', 'DD/MM/YYYY'), 0, to_date('18/06/2011', 'DD/MM/YYYY'));
INSERT INTO objednavka (cislo_objednavky, datum_objednavky, cislo_stavu_objednavky, datum_stavu_objednavky) VALUES (45, to_date('21/04/2015', 'DD/MM/YYYY'), 1, to_date('07/02/2016', 'DD/MM/YYYY'));
INSERT INTO objednavka (cislo_objednavky, datum_objednavky, cislo_stavu_objednavky, datum_stavu_objednavky) VALUES (46, to_date('11/12/2016', 'DD/MM/YYYY'), 0, to_date('18/02/2016', 'DD/MM/YYYY'));
INSERT INTO objednavka (cislo_objednavky, datum_objednavky, cislo_stavu_objednavky, datum_stavu_objednavky) VALUES (47, to_date('12/03/2011', 'DD/MM/YYYY'), 2, to_date('27/12/2012', 'DD/MM/YYYY'));
INSERT INTO objednavka (cislo_objednavky, datum_objednavky, cislo_stavu_objednavky, datum_stavu_objednavky) VALUES (48, to_date('23/04/2016', 'DD/MM/YYYY'), 0, to_date('30/11/2012', 'DD/MM/YYYY'));
INSERT INTO objednavka (cislo_objednavky, datum_objednavky, cislo_stavu_objednavky, datum_stavu_objednavky) VALUES (49, to_date('13/11/2011', 'DD/MM/YYYY'), 2, to_date('09/05/2010', 'DD/MM/YYYY'));
INSERT INTO objednavka (cislo_objednavky, datum_objednavky, cislo_stavu_objednavky, datum_stavu_objednavky) VALUES (50, to_date('26/11/2011', 'DD/MM/YYYY'), 2, to_date('31/01/2012', 'DD/MM/YYYY'));
INSERT INTO objednavka (cislo_objednavky, datum_objednavky, cislo_stavu_objednavky, datum_stavu_objednavky) VALUES (51, to_date('06/06/2017', 'DD/MM/YYYY'), 0, to_date('09/07/2014', 'DD/MM/YYYY'));
INSERT INTO objednavka (cislo_objednavky, datum_objednavky, cislo_stavu_objednavky, datum_stavu_objednavky) VALUES (52, to_date('23/07/2010', 'DD/MM/YYYY'), 2, to_date('07/09/2014', 'DD/MM/YYYY'));
INSERT INTO objednavka (cislo_objednavky, datum_objednavky, cislo_stavu_objednavky, datum_stavu_objednavky) VALUES (53, to_date('13/10/2017', 'DD/MM/YYYY'), 0, to_date('15/10/2011', 'DD/MM/YYYY'));
INSERT INTO objednavka (cislo_objednavky, datum_objednavky, cislo_stavu_objednavky, datum_stavu_objednavky) VALUES (54, to_date('26/04/2011', 'DD/MM/YYYY'), 1, to_date('10/05/2014', 'DD/MM/YYYY'));
INSERT INTO objednavka (cislo_objednavky, datum_objednavky, cislo_stavu_objednavky, datum_stavu_objednavky) VALUES (55, to_date('24/05/2015', 'DD/MM/YYYY'), 2, to_date('15/09/2017', 'DD/MM/YYYY'));
INSERT INTO objednavka (cislo_objednavky, datum_objednavky, cislo_stavu_objednavky, datum_stavu_objednavky) VALUES (56, to_date('10/03/2013', 'DD/MM/YYYY'), 2, to_date('03/02/2012', 'DD/MM/YYYY'));
INSERT INTO objednavka (cislo_objednavky, datum_objednavky, cislo_stavu_objednavky, datum_stavu_objednavky) VALUES (57, to_date('30/12/2014', 'DD/MM/YYYY'), 1, to_date('09/02/2010', 'DD/MM/YYYY'));
INSERT INTO objednavka (cislo_objednavky, datum_objednavky, cislo_stavu_objednavky, datum_stavu_objednavky) VALUES (58, to_date('14/11/2017', 'DD/MM/YYYY'), 1, to_date('07/07/2011', 'DD/MM/YYYY'));
INSERT INTO objednavka (cislo_objednavky, datum_objednavky, cislo_stavu_objednavky, datum_stavu_objednavky) VALUES (59, to_date('04/08/2011', 'DD/MM/YYYY'), 2, to_date('02/07/2010', 'DD/MM/YYYY'));
INSERT INTO objednavka (cislo_objednavky, datum_objednavky, cislo_stavu_objednavky, datum_stavu_objednavky) VALUES (60, to_date('21/05/2011', 'DD/MM/YYYY'), 2, to_date('02/06/2014', 'DD/MM/YYYY'));
INSERT INTO objednavka (cislo_objednavky, datum_objednavky, cislo_stavu_objednavky, datum_stavu_objednavky) VALUES (61, to_date('02/03/2013', 'DD/MM/YYYY'), 2, to_date('30/08/2016', 'DD/MM/YYYY'));
INSERT INTO objednavka (cislo_objednavky, datum_objednavky, cislo_stavu_objednavky, datum_stavu_objednavky) VALUES (62, to_date('04/07/2015', 'DD/MM/YYYY'), 1, to_date('23/06/2013', 'DD/MM/YYYY'));
INSERT INTO objednavka (cislo_objednavky, datum_objednavky, cislo_stavu_objednavky, datum_stavu_objednavky) VALUES (63, to_date('22/07/2014', 'DD/MM/YYYY'), 0, to_date('12/06/2011', 'DD/MM/YYYY'));
INSERT INTO objednavka (cislo_objednavky, datum_objednavky, cislo_stavu_objednavky, datum_stavu_objednavky) VALUES (64, to_date('24/10/2015', 'DD/MM/YYYY'), 2, to_date('06/10/2016', 'DD/MM/YYYY'));
INSERT INTO objednavka (cislo_objednavky, datum_objednavky, cislo_stavu_objednavky, datum_stavu_objednavky) VALUES (65, to_date('05/11/2010', 'DD/MM/YYYY'), 0, to_date('10/09/2010', 'DD/MM/YYYY'));
INSERT INTO objednavka (cislo_objednavky, datum_objednavky, cislo_stavu_objednavky, datum_stavu_objednavky) VALUES (66, to_date('17/08/2013', 'DD/MM/YYYY'), 0, to_date('29/08/2014', 'DD/MM/YYYY'));
INSERT INTO objednavka (cislo_objednavky, datum_objednavky, cislo_stavu_objednavky, datum_stavu_objednavky) VALUES (67, to_date('11/02/2015', 'DD/MM/YYYY'), 1, to_date('28/09/2015', 'DD/MM/YYYY'));
INSERT INTO objednavka (cislo_objednavky, datum_objednavky, cislo_stavu_objednavky, datum_stavu_objednavky) VALUES (68, to_date('30/06/2014', 'DD/MM/YYYY'), 1, to_date('04/04/2013', 'DD/MM/YYYY'));
INSERT INTO objednavka (cislo_objednavky, datum_objednavky, cislo_stavu_objednavky, datum_stavu_objednavky) VALUES (69, to_date('23/02/2015', 'DD/MM/YYYY'), 0, to_date('26/01/2017', 'DD/MM/YYYY'));
INSERT INTO objednavka (cislo_objednavky, datum_objednavky, cislo_stavu_objednavky, datum_stavu_objednavky) VALUES (70, to_date('24/04/2011', 'DD/MM/YYYY'), 1, to_date('24/10/2015', 'DD/MM/YYYY'));
INSERT INTO objednavka (cislo_objednavky, datum_objednavky, cislo_stavu_objednavky, datum_stavu_objednavky) VALUES (71, to_date('11/10/2014', 'DD/MM/YYYY'), 0, to_date('11/04/2012', 'DD/MM/YYYY'));
INSERT INTO objednavka (cislo_objednavky, datum_objednavky, cislo_stavu_objednavky, datum_stavu_objednavky) VALUES (72, to_date('20/01/2012', 'DD/MM/YYYY'), 0, to_date('11/01/2013', 'DD/MM/YYYY'));
INSERT INTO objednavka (cislo_objednavky, datum_objednavky, cislo_stavu_objednavky, datum_stavu_objednavky) VALUES (73, to_date('12/09/2011', 'DD/MM/YYYY'), 1, to_date('28/08/2015', 'DD/MM/YYYY'));
INSERT INTO objednavka (cislo_objednavky, datum_objednavky, cislo_stavu_objednavky, datum_stavu_objednavky) VALUES (74, to_date('20/11/2013', 'DD/MM/YYYY'), 2, to_date('25/01/2017', 'DD/MM/YYYY'));
INSERT INTO objednavka (cislo_objednavky, datum_objednavky, cislo_stavu_objednavky, datum_stavu_objednavky) VALUES (75, to_date('23/11/2013', 'DD/MM/YYYY'), 0, to_date('28/03/2017', 'DD/MM/YYYY'));
INSERT INTO objednavka (cislo_objednavky, datum_objednavky, cislo_stavu_objednavky, datum_stavu_objednavky) VALUES (76, to_date('21/08/2015', 'DD/MM/YYYY'), 2, to_date('07/12/2010', 'DD/MM/YYYY'));
INSERT INTO objednavka (cislo_objednavky, datum_objednavky, cislo_stavu_objednavky, datum_stavu_objednavky) VALUES (77, to_date('09/12/2013', 'DD/MM/YYYY'), 2, to_date('23/02/2010', 'DD/MM/YYYY'));
INSERT INTO objednavka (cislo_objednavky, datum_objednavky, cislo_stavu_objednavky, datum_stavu_objednavky) VALUES (78, to_date('15/10/2010', 'DD/MM/YYYY'), 1, to_date('16/07/2014', 'DD/MM/YYYY'));
INSERT INTO objednavka (cislo_objednavky, datum_objednavky, cislo_stavu_objednavky, datum_stavu_objednavky) VALUES (79, to_date('02/04/2015', 'DD/MM/YYYY'), 2, to_date('03/01/2015', 'DD/MM/YYYY'));
INSERT INTO objednavka (cislo_objednavky, datum_objednavky, cislo_stavu_objednavky, datum_stavu_objednavky) VALUES (80, to_date('21/11/2013', 'DD/MM/YYYY'), 1, to_date('02/08/2012', 'DD/MM/YYYY'));
INSERT INTO objednavka (cislo_objednavky, datum_objednavky, cislo_stavu_objednavky, datum_stavu_objednavky) VALUES (81, to_date('18/10/2014', 'DD/MM/YYYY'), 0, to_date('27/07/2010', 'DD/MM/YYYY'));
INSERT INTO objednavka (cislo_objednavky, datum_objednavky, cislo_stavu_objednavky, datum_stavu_objednavky) VALUES (82, to_date('23/10/2013', 'DD/MM/YYYY'), 1, to_date('19/09/2012', 'DD/MM/YYYY'));
INSERT INTO objednavka (cislo_objednavky, datum_objednavky, cislo_stavu_objednavky, datum_stavu_objednavky) VALUES (83, to_date('21/07/2017', 'DD/MM/YYYY'), 1, to_date('18/08/2010', 'DD/MM/YYYY'));
INSERT INTO objednavka (cislo_objednavky, datum_objednavky, cislo_stavu_objednavky, datum_stavu_objednavky) VALUES (84, to_date('22/03/2016', 'DD/MM/YYYY'), 2, to_date('16/07/2016', 'DD/MM/YYYY'));
INSERT INTO objednavka (cislo_objednavky, datum_objednavky, cislo_stavu_objednavky, datum_stavu_objednavky) VALUES (85, to_date('19/06/2016', 'DD/MM/YYYY'), 1, to_date('01/08/2013', 'DD/MM/YYYY'));
INSERT INTO objednavka (cislo_objednavky, datum_objednavky, cislo_stavu_objednavky, datum_stavu_objednavky) VALUES (86, to_date('14/05/2016', 'DD/MM/YYYY'), 2, to_date('12/04/2017', 'DD/MM/YYYY'));
INSERT INTO objednavka (cislo_objednavky, datum_objednavky, cislo_stavu_objednavky, datum_stavu_objednavky) VALUES (87, to_date('04/07/2016', 'DD/MM/YYYY'), 0, to_date('10/08/2016', 'DD/MM/YYYY'));
INSERT INTO objednavka (cislo_objednavky, datum_objednavky, cislo_stavu_objednavky, datum_stavu_objednavky) VALUES (88, to_date('16/06/2011', 'DD/MM/YYYY'), 0, to_date('27/10/2016', 'DD/MM/YYYY'));
INSERT INTO objednavka (cislo_objednavky, datum_objednavky, cislo_stavu_objednavky, datum_stavu_objednavky) VALUES (89, to_date('01/07/2013', 'DD/MM/YYYY'), 1, to_date('21/02/2011', 'DD/MM/YYYY'));
INSERT INTO objednavka (cislo_objednavky, datum_objednavky, cislo_stavu_objednavky, datum_stavu_objednavky) VALUES (90, to_date('24/05/2017', 'DD/MM/YYYY'), 1, to_date('15/10/2015', 'DD/MM/YYYY'));
INSERT INTO objednavka (cislo_objednavky, datum_objednavky, cislo_stavu_objednavky, datum_stavu_objednavky) VALUES (91, to_date('28/07/2015', 'DD/MM/YYYY'), 1, to_date('09/11/2015', 'DD/MM/YYYY'));
INSERT INTO objednavka (cislo_objednavky, datum_objednavky, cislo_stavu_objednavky, datum_stavu_objednavky) VALUES (92, to_date('24/05/2011', 'DD/MM/YYYY'), 0, to_date('29/03/2010', 'DD/MM/YYYY'));
INSERT INTO objednavka (cislo_objednavky, datum_objednavky, cislo_stavu_objednavky, datum_stavu_objednavky) VALUES (93, to_date('24/08/2016', 'DD/MM/YYYY'), 2, to_date('24/02/2013', 'DD/MM/YYYY'));
INSERT INTO objednavka (cislo_objednavky, datum_objednavky, cislo_stavu_objednavky, datum_stavu_objednavky) VALUES (94, to_date('23/01/2016', 'DD/MM/YYYY'), 0, to_date('10/12/2012', 'DD/MM/YYYY'));
INSERT INTO objednavka (cislo_objednavky, datum_objednavky, cislo_stavu_objednavky, datum_stavu_objednavky) VALUES (95, to_date('25/11/2012', 'DD/MM/YYYY'), 1, to_date('08/07/2016', 'DD/MM/YYYY'));
INSERT INTO objednavka (cislo_objednavky, datum_objednavky, cislo_stavu_objednavky, datum_stavu_objednavky) VALUES (96, to_date('15/10/2010', 'DD/MM/YYYY'), 0, to_date('26/11/2011', 'DD/MM/YYYY'));
INSERT INTO objednavka (cislo_objednavky, datum_objednavky, cislo_stavu_objednavky, datum_stavu_objednavky) VALUES (97, to_date('08/07/2016', 'DD/MM/YYYY'), 2, to_date('03/08/2015', 'DD/MM/YYYY'));
INSERT INTO objednavka (cislo_objednavky, datum_objednavky, cislo_stavu_objednavky, datum_stavu_objednavky) VALUES (98, to_date('11/05/2010', 'DD/MM/YYYY'), 0, to_date('10/10/2016', 'DD/MM/YYYY'));
INSERT INTO objednavka (cislo_objednavky, datum_objednavky, cislo_stavu_objednavky, datum_stavu_objednavky) VALUES (99, to_date('17/09/2013', 'DD/MM/YYYY'), 2, to_date('31/01/2011', 'DD/MM/YYYY'));
INSERT INTO objednavka (cislo_objednavky, datum_objednavky, cislo_stavu_objednavky, datum_stavu_objednavky) VALUES (100, to_date('16/12/2016', 'DD/MM/YYYY'), 1, to_date('04/08/2011', 'DD/MM/YYYY'));
INSERT INTO objednavka (cislo_objednavky, datum_objednavky, cislo_stavu_objednavky, datum_stavu_objednavky) VALUES (101, to_date('07/11/2013', 'DD/MM/YYYY'), 2, to_date('09/04/2010', 'DD/MM/YYYY'));
INSERT INTO objednavka (cislo_objednavky, datum_objednavky, cislo_stavu_objednavky, datum_stavu_objednavky) VALUES (102, to_date('06/04/2013', 'DD/MM/YYYY'), 2, to_date('13/01/2014', 'DD/MM/YYYY'));
INSERT INTO objednavka (cislo_objednavky, datum_objednavky, cislo_stavu_objednavky, datum_stavu_objednavky) VALUES (103, to_date('24/02/2011', 'DD/MM/YYYY'), 0, to_date('08/03/2016', 'DD/MM/YYYY'));
INSERT INTO objednavka (cislo_objednavky, datum_objednavky, cislo_stavu_objednavky, datum_stavu_objednavky) VALUES (104, to_date('31/01/2013', 'DD/MM/YYYY'), 2, to_date('06/07/2014', 'DD/MM/YYYY'));
INSERT INTO objednavka (cislo_objednavky, datum_objednavky, cislo_stavu_objednavky, datum_stavu_objednavky) VALUES (105, to_date('16/04/2015', 'DD/MM/YYYY'), 1, to_date('27/02/2015', 'DD/MM/YYYY'));
INSERT INTO objednavka (cislo_objednavky, datum_objednavky, cislo_stavu_objednavky, datum_stavu_objednavky) VALUES (106, to_date('22/05/2016', 'DD/MM/YYYY'), 0, to_date('03/12/2014', 'DD/MM/YYYY'));
INSERT INTO objednavka (cislo_objednavky, datum_objednavky, cislo_stavu_objednavky, datum_stavu_objednavky) VALUES (107, to_date('23/02/2017', 'DD/MM/YYYY'), 0, to_date('06/04/2013', 'DD/MM/YYYY'));
INSERT INTO objednavka (cislo_objednavky, datum_objednavky, cislo_stavu_objednavky, datum_stavu_objednavky) VALUES (108, to_date('23/12/2017', 'DD/MM/YYYY'), 0, to_date('04/05/2011', 'DD/MM/YYYY'));
INSERT INTO objednavka (cislo_objednavky, datum_objednavky, cislo_stavu_objednavky, datum_stavu_objednavky) VALUES (109, to_date('18/07/2014', 'DD/MM/YYYY'), 0, to_date('13/08/2011', 'DD/MM/YYYY'));
INSERT INTO objednavka (cislo_objednavky, datum_objednavky, cislo_stavu_objednavky, datum_stavu_objednavky) VALUES (110, to_date('09/09/2012', 'DD/MM/YYYY'), 2, to_date('12/05/2012', 'DD/MM/YYYY'));
INSERT INTO objednavka (cislo_objednavky, datum_objednavky, cislo_stavu_objednavky, datum_stavu_objednavky) VALUES (111, to_date('22/05/2017', 'DD/MM/YYYY'), 0, to_date('11/11/2016', 'DD/MM/YYYY'));
INSERT INTO objednavka (cislo_objednavky, datum_objednavky, cislo_stavu_objednavky, datum_stavu_objednavky) VALUES (112, to_date('24/10/2015', 'DD/MM/YYYY'), 1, to_date('11/08/2017', 'DD/MM/YYYY'));
INSERT INTO objednavka (cislo_objednavky, datum_objednavky, cislo_stavu_objednavky, datum_stavu_objednavky) VALUES (113, to_date('31/10/2016', 'DD/MM/YYYY'), 0, to_date('21/05/2011', 'DD/MM/YYYY'));
INSERT INTO objednavka (cislo_objednavky, datum_objednavky, cislo_stavu_objednavky, datum_stavu_objednavky) VALUES (114, to_date('05/05/2017', 'DD/MM/YYYY'), 0, to_date('05/06/2012', 'DD/MM/YYYY'));
INSERT INTO objednavka (cislo_objednavky, datum_objednavky, cislo_stavu_objednavky, datum_stavu_objednavky) VALUES (115, to_date('30/04/2015', 'DD/MM/YYYY'), 1, to_date('23/09/2015', 'DD/MM/YYYY'));
INSERT INTO objednavka (cislo_objednavky, datum_objednavky, cislo_stavu_objednavky, datum_stavu_objednavky) VALUES (116, to_date('31/05/2011', 'DD/MM/YYYY'), 2, to_date('06/10/2017', 'DD/MM/YYYY'));
INSERT INTO objednavka (cislo_objednavky, datum_objednavky, cislo_stavu_objednavky, datum_stavu_objednavky) VALUES (117, to_date('25/05/2013', 'DD/MM/YYYY'), 2, to_date('18/07/2010', 'DD/MM/YYYY'));
INSERT INTO objednavka (cislo_objednavky, datum_objednavky, cislo_stavu_objednavky, datum_stavu_objednavky) VALUES (118, to_date('11/02/2015', 'DD/MM/YYYY'), 1, to_date('10/12/2011', 'DD/MM/YYYY'));
INSERT INTO objednavka (cislo_objednavky, datum_objednavky, cislo_stavu_objednavky, datum_stavu_objednavky) VALUES (119, to_date('22/04/2010', 'DD/MM/YYYY'), 2, to_date('12/05/2015', 'DD/MM/YYYY'));
INSERT INTO objednavka (cislo_objednavky, datum_objednavky, cislo_stavu_objednavky, datum_stavu_objednavky) VALUES (120, to_date('20/05/2013', 'DD/MM/YYYY'), 2, to_date('30/01/2015', 'DD/MM/YYYY'));
INSERT INTO objednavka (cislo_objednavky, datum_objednavky, cislo_stavu_objednavky, datum_stavu_objednavky) VALUES (121, to_date('13/06/2016', 'DD/MM/YYYY'), 2, to_date('24/10/2016', 'DD/MM/YYYY'));
INSERT INTO objednavka (cislo_objednavky, datum_objednavky, cislo_stavu_objednavky, datum_stavu_objednavky) VALUES (122, to_date('01/10/2017', 'DD/MM/YYYY'), 2, to_date('09/07/2012', 'DD/MM/YYYY'));
INSERT INTO objednavka (cislo_objednavky, datum_objednavky, cislo_stavu_objednavky, datum_stavu_objednavky) VALUES (123, to_date('27/11/2017', 'DD/MM/YYYY'), 1, to_date('26/01/2014', 'DD/MM/YYYY'));
INSERT INTO objednavka (cislo_objednavky, datum_objednavky, cislo_stavu_objednavky, datum_stavu_objednavky) VALUES (124, to_date('11/05/2013', 'DD/MM/YYYY'), 2, to_date('23/05/2015', 'DD/MM/YYYY'));
INSERT INTO objednavka (cislo_objednavky, datum_objednavky, cislo_stavu_objednavky, datum_stavu_objednavky) VALUES (125, to_date('24/11/2017', 'DD/MM/YYYY'), 0, to_date('23/12/2010', 'DD/MM/YYYY'));
INSERT INTO objednavka (cislo_objednavky, datum_objednavky, cislo_stavu_objednavky, datum_stavu_objednavky) VALUES (126, to_date('28/06/2013', 'DD/MM/YYYY'), 2, to_date('25/10/2012', 'DD/MM/YYYY'));
INSERT INTO objednavka (cislo_objednavky, datum_objednavky, cislo_stavu_objednavky, datum_stavu_objednavky) VALUES (127, to_date('11/07/2012', 'DD/MM/YYYY'), 0, to_date('31/12/2013', 'DD/MM/YYYY'));
INSERT INTO objednavka (cislo_objednavky, datum_objednavky, cislo_stavu_objednavky, datum_stavu_objednavky) VALUES (128, to_date('19/05/2014', 'DD/MM/YYYY'), 1, to_date('09/07/2017', 'DD/MM/YYYY'));
INSERT INTO objednavka (cislo_objednavky, datum_objednavky, cislo_stavu_objednavky, datum_stavu_objednavky) VALUES (129, to_date('18/01/2015', 'DD/MM/YYYY'), 0, to_date('28/06/2011', 'DD/MM/YYYY'));
INSERT INTO objednavka (cislo_objednavky, datum_objednavky, cislo_stavu_objednavky, datum_stavu_objednavky) VALUES (130, to_date('12/01/2010', 'DD/MM/YYYY'), 1, to_date('30/01/2010', 'DD/MM/YYYY'));
INSERT INTO objednavka (cislo_objednavky, datum_objednavky, cislo_stavu_objednavky, datum_stavu_objednavky) VALUES (131, to_date('01/11/2015', 'DD/MM/YYYY'), 0, to_date('07/07/2012', 'DD/MM/YYYY'));
INSERT INTO objednavka (cislo_objednavky, datum_objednavky, cislo_stavu_objednavky, datum_stavu_objednavky) VALUES (132, to_date('11/12/2017', 'DD/MM/YYYY'), 0, to_date('20/08/2011', 'DD/MM/YYYY'));
INSERT INTO objednavka (cislo_objednavky, datum_objednavky, cislo_stavu_objednavky, datum_stavu_objednavky) VALUES (133, to_date('22/12/2012', 'DD/MM/YYYY'), 2, to_date('18/03/2012', 'DD/MM/YYYY'));
INSERT INTO objednavka (cislo_objednavky, datum_objednavky, cislo_stavu_objednavky, datum_stavu_objednavky) VALUES (134, to_date('10/02/2016', 'DD/MM/YYYY'), 0, to_date('23/04/2017', 'DD/MM/YYYY'));
INSERT INTO objednavka (cislo_objednavky, datum_objednavky, cislo_stavu_objednavky, datum_stavu_objednavky) VALUES (135, to_date('06/04/2015', 'DD/MM/YYYY'), 0, to_date('22/06/2014', 'DD/MM/YYYY'));
INSERT INTO objednavka (cislo_objednavky, datum_objednavky, cislo_stavu_objednavky, datum_stavu_objednavky) VALUES (136, to_date('24/08/2012', 'DD/MM/YYYY'), 0, to_date('02/06/2012', 'DD/MM/YYYY'));
INSERT INTO objednavka (cislo_objednavky, datum_objednavky, cislo_stavu_objednavky, datum_stavu_objednavky) VALUES (137, to_date('06/10/2015', 'DD/MM/YYYY'), 2, to_date('17/10/2013', 'DD/MM/YYYY'));
INSERT INTO objednavka (cislo_objednavky, datum_objednavky, cislo_stavu_objednavky, datum_stavu_objednavky) VALUES (138, to_date('21/06/2017', 'DD/MM/YYYY'), 1, to_date('06/02/2013', 'DD/MM/YYYY'));
INSERT INTO objednavka (cislo_objednavky, datum_objednavky, cislo_stavu_objednavky, datum_stavu_objednavky) VALUES (139, to_date('08/05/2012', 'DD/MM/YYYY'), 2, to_date('18/01/2015', 'DD/MM/YYYY'));
INSERT INTO objednavka (cislo_objednavky, datum_objednavky, cislo_stavu_objednavky, datum_stavu_objednavky) VALUES (140, to_date('31/03/2014', 'DD/MM/YYYY'), 0, to_date('31/10/2016', 'DD/MM/YYYY'));
INSERT INTO objednavka (cislo_objednavky, datum_objednavky, cislo_stavu_objednavky, datum_stavu_objednavky) VALUES (141, to_date('28/09/2010', 'DD/MM/YYYY'), 0, to_date('26/12/2017', 'DD/MM/YYYY'));
INSERT INTO objednavka (cislo_objednavky, datum_objednavky, cislo_stavu_objednavky, datum_stavu_objednavky) VALUES (142, to_date('19/11/2017', 'DD/MM/YYYY'), 2, to_date('05/04/2016', 'DD/MM/YYYY'));
INSERT INTO objednavka (cislo_objednavky, datum_objednavky, cislo_stavu_objednavky, datum_stavu_objednavky) VALUES (143, to_date('14/11/2014', 'DD/MM/YYYY'), 1, to_date('06/09/2012', 'DD/MM/YYYY'));
INSERT INTO objednavka (cislo_objednavky, datum_objednavky, cislo_stavu_objednavky, datum_stavu_objednavky) VALUES (144, to_date('19/11/2013', 'DD/MM/YYYY'), 1, to_date('12/10/2017', 'DD/MM/YYYY'));
INSERT INTO objednavka (cislo_objednavky, datum_objednavky, cislo_stavu_objednavky, datum_stavu_objednavky) VALUES (145, to_date('30/03/2010', 'DD/MM/YYYY'), 0, to_date('08/06/2015', 'DD/MM/YYYY'));
INSERT INTO objednavka (cislo_objednavky, datum_objednavky, cislo_stavu_objednavky, datum_stavu_objednavky) VALUES (146, to_date('16/07/2016', 'DD/MM/YYYY'), 2, to_date('14/01/2012', 'DD/MM/YYYY'));
INSERT INTO objednavka (cislo_objednavky, datum_objednavky, cislo_stavu_objednavky, datum_stavu_objednavky) VALUES (147, to_date('31/12/2012', 'DD/MM/YYYY'), 2, to_date('18/12/2016', 'DD/MM/YYYY'));
INSERT INTO objednavka (cislo_objednavky, datum_objednavky, cislo_stavu_objednavky, datum_stavu_objednavky) VALUES (148, to_date('18/05/2011', 'DD/MM/YYYY'), 2, to_date('21/08/2011', 'DD/MM/YYYY'));
INSERT INTO objednavka (cislo_objednavky, datum_objednavky, cislo_stavu_objednavky, datum_stavu_objednavky) VALUES (149, to_date('10/04/2013', 'DD/MM/YYYY'), 0, to_date('08/12/2012', 'DD/MM/YYYY'));
INSERT INTO objednavka (cislo_objednavky, datum_objednavky, cislo_stavu_objednavky, datum_stavu_objednavky) VALUES (150, to_date('29/02/2012', 'DD/MM/YYYY'), 1, to_date('26/03/2016', 'DD/MM/YYYY'));
INSERT INTO objednavka (cislo_objednavky, datum_objednavky, cislo_stavu_objednavky, datum_stavu_objednavky) VALUES (151, to_date('22/10/2014', 'DD/MM/YYYY'), 2, to_date('27/01/2012', 'DD/MM/YYYY'));
INSERT INTO objednavka (cislo_objednavky, datum_objednavky, cislo_stavu_objednavky, datum_stavu_objednavky) VALUES (152, to_date('18/08/2016', 'DD/MM/YYYY'), 0, to_date('07/09/2012', 'DD/MM/YYYY'));
INSERT INTO objednavka (cislo_objednavky, datum_objednavky, cislo_stavu_objednavky, datum_stavu_objednavky) VALUES (153, to_date('07/12/2014', 'DD/MM/YYYY'), 0, to_date('10/07/2013', 'DD/MM/YYYY'));
INSERT INTO objednavka (cislo_objednavky, datum_objednavky, cislo_stavu_objednavky, datum_stavu_objednavky) VALUES (154, to_date('17/01/2015', 'DD/MM/YYYY'), 1, to_date('10/07/2017', 'DD/MM/YYYY'));
INSERT INTO objednavka (cislo_objednavky, datum_objednavky, cislo_stavu_objednavky, datum_stavu_objednavky) VALUES (155, to_date('24/09/2016', 'DD/MM/YYYY'), 0, to_date('25/10/2013', 'DD/MM/YYYY'));
INSERT INTO objednavka (cislo_objednavky, datum_objednavky, cislo_stavu_objednavky, datum_stavu_objednavky) VALUES (156, to_date('04/06/2014', 'DD/MM/YYYY'), 2, to_date('30/11/2012', 'DD/MM/YYYY'));
INSERT INTO objednavka (cislo_objednavky, datum_objednavky, cislo_stavu_objednavky, datum_stavu_objednavky) VALUES (157, to_date('28/12/2013', 'DD/MM/YYYY'), 1, to_date('04/12/2011', 'DD/MM/YYYY'));
INSERT INTO objednavka (cislo_objednavky, datum_objednavky, cislo_stavu_objednavky, datum_stavu_objednavky) VALUES (158, to_date('01/02/2015', 'DD/MM/YYYY'), 2, to_date('14/11/2013', 'DD/MM/YYYY'));
INSERT INTO objednavka (cislo_objednavky, datum_objednavky, cislo_stavu_objednavky, datum_stavu_objednavky) VALUES (159, to_date('11/02/2015', 'DD/MM/YYYY'), 1, to_date('15/04/2013', 'DD/MM/YYYY'));
INSERT INTO objednavka (cislo_objednavky, datum_objednavky, cislo_stavu_objednavky, datum_stavu_objednavky) VALUES (160, to_date('08/10/2013', 'DD/MM/YYYY'), 0, to_date('26/08/2017', 'DD/MM/YYYY'));
INSERT INTO objednavka (cislo_objednavky, datum_objednavky, cislo_stavu_objednavky, datum_stavu_objednavky) VALUES (161, to_date('11/03/2017', 'DD/MM/YYYY'), 0, to_date('04/06/2016', 'DD/MM/YYYY'));
INSERT INTO objednavka (cislo_objednavky, datum_objednavky, cislo_stavu_objednavky, datum_stavu_objednavky) VALUES (162, to_date('25/10/2012', 'DD/MM/YYYY'), 2, to_date('14/11/2017', 'DD/MM/YYYY'));
INSERT INTO objednavka (cislo_objednavky, datum_objednavky, cislo_stavu_objednavky, datum_stavu_objednavky) VALUES (163, to_date('12/03/2014', 'DD/MM/YYYY'), 2, to_date('25/11/2011', 'DD/MM/YYYY'));
INSERT INTO objednavka (cislo_objednavky, datum_objednavky, cislo_stavu_objednavky, datum_stavu_objednavky) VALUES (164, to_date('09/04/2010', 'DD/MM/YYYY'), 1, to_date('17/03/2016', 'DD/MM/YYYY'));
INSERT INTO objednavka (cislo_objednavky, datum_objednavky, cislo_stavu_objednavky, datum_stavu_objednavky) VALUES (165, to_date('24/09/2017', 'DD/MM/YYYY'), 1, to_date('17/10/2015', 'DD/MM/YYYY'));
INSERT INTO objednavka (cislo_objednavky, datum_objednavky, cislo_stavu_objednavky, datum_stavu_objednavky) VALUES (166, to_date('15/04/2015', 'DD/MM/YYYY'), 1, to_date('19/03/2016', 'DD/MM/YYYY'));
INSERT INTO objednavka (cislo_objednavky, datum_objednavky, cislo_stavu_objednavky, datum_stavu_objednavky) VALUES (167, to_date('23/11/2016', 'DD/MM/YYYY'), 1, to_date('23/11/2011', 'DD/MM/YYYY'));
INSERT INTO objednavka (cislo_objednavky, datum_objednavky, cislo_stavu_objednavky, datum_stavu_objednavky) VALUES (168, to_date('04/05/2017', 'DD/MM/YYYY'), 0, to_date('01/01/2017', 'DD/MM/YYYY'));
INSERT INTO objednavka (cislo_objednavky, datum_objednavky, cislo_stavu_objednavky, datum_stavu_objednavky) VALUES (169, to_date('27/06/2017', 'DD/MM/YYYY'), 2, to_date('30/11/2015', 'DD/MM/YYYY'));
INSERT INTO objednavka (cislo_objednavky, datum_objednavky, cislo_stavu_objednavky, datum_stavu_objednavky) VALUES (170, to_date('10/09/2014', 'DD/MM/YYYY'), 0, to_date('15/02/2014', 'DD/MM/YYYY'));
INSERT INTO objednavka (cislo_objednavky, datum_objednavky, cislo_stavu_objednavky, datum_stavu_objednavky) VALUES (171, to_date('18/10/2016', 'DD/MM/YYYY'), 0, to_date('14/12/2017', 'DD/MM/YYYY'));
INSERT INTO objednavka (cislo_objednavky, datum_objednavky, cislo_stavu_objednavky, datum_stavu_objednavky) VALUES (172, to_date('20/02/2015', 'DD/MM/YYYY'), 0, to_date('22/11/2013', 'DD/MM/YYYY'));
INSERT INTO objednavka (cislo_objednavky, datum_objednavky, cislo_stavu_objednavky, datum_stavu_objednavky) VALUES (173, to_date('08/02/2015', 'DD/MM/YYYY'), 2, to_date('23/08/2015', 'DD/MM/YYYY'));
INSERT INTO objednavka (cislo_objednavky, datum_objednavky, cislo_stavu_objednavky, datum_stavu_objednavky) VALUES (174, to_date('10/01/2012', 'DD/MM/YYYY'), 1, to_date('19/01/2017', 'DD/MM/YYYY'));
INSERT INTO objednavka (cislo_objednavky, datum_objednavky, cislo_stavu_objednavky, datum_stavu_objednavky) VALUES (175, to_date('10/06/2017', 'DD/MM/YYYY'), 1, to_date('29/01/2013', 'DD/MM/YYYY'));
INSERT INTO objednavka (cislo_objednavky, datum_objednavky, cislo_stavu_objednavky, datum_stavu_objednavky) VALUES (176, to_date('28/11/2014', 'DD/MM/YYYY'), 1, to_date('06/02/2015', 'DD/MM/YYYY'));
INSERT INTO objednavka (cislo_objednavky, datum_objednavky, cislo_stavu_objednavky, datum_stavu_objednavky) VALUES (177, to_date('02/04/2016', 'DD/MM/YYYY'), 0, to_date('07/02/2017', 'DD/MM/YYYY'));
INSERT INTO objednavka (cislo_objednavky, datum_objednavky, cislo_stavu_objednavky, datum_stavu_objednavky) VALUES (178, to_date('19/08/2014', 'DD/MM/YYYY'), 2, to_date('03/08/2011', 'DD/MM/YYYY'));
INSERT INTO objednavka (cislo_objednavky, datum_objednavky, cislo_stavu_objednavky, datum_stavu_objednavky) VALUES (179, to_date('30/03/2015', 'DD/MM/YYYY'), 1, to_date('30/08/2010', 'DD/MM/YYYY'));
INSERT INTO objednavka (cislo_objednavky, datum_objednavky, cislo_stavu_objednavky, datum_stavu_objednavky) VALUES (180, to_date('24/10/2013', 'DD/MM/YYYY'), 1, to_date('07/02/2012', 'DD/MM/YYYY'));
INSERT INTO objednavka (cislo_objednavky, datum_objednavky, cislo_stavu_objednavky, datum_stavu_objednavky) VALUES (181, to_date('15/11/2016', 'DD/MM/YYYY'), 1, to_date('24/06/2014', 'DD/MM/YYYY'));
INSERT INTO objednavka (cislo_objednavky, datum_objednavky, cislo_stavu_objednavky, datum_stavu_objednavky) VALUES (182, to_date('12/02/2015', 'DD/MM/YYYY'), 0, to_date('23/12/2016', 'DD/MM/YYYY'));
INSERT INTO objednavka (cislo_objednavky, datum_objednavky, cislo_stavu_objednavky, datum_stavu_objednavky) VALUES (183, to_date('29/01/2015', 'DD/MM/YYYY'), 1, to_date('14/10/2011', 'DD/MM/YYYY'));
INSERT INTO objednavka (cislo_objednavky, datum_objednavky, cislo_stavu_objednavky, datum_stavu_objednavky) VALUES (184, to_date('14/08/2015', 'DD/MM/YYYY'), 2, to_date('08/08/2011', 'DD/MM/YYYY'));
INSERT INTO objednavka (cislo_objednavky, datum_objednavky, cislo_stavu_objednavky, datum_stavu_objednavky) VALUES (185, to_date('03/11/2014', 'DD/MM/YYYY'), 2, to_date('22/05/2015', 'DD/MM/YYYY'));
INSERT INTO objednavka (cislo_objednavky, datum_objednavky, cislo_stavu_objednavky, datum_stavu_objednavky) VALUES (186, to_date('14/04/2010', 'DD/MM/YYYY'), 0, to_date('29/07/2011', 'DD/MM/YYYY'));
INSERT INTO objednavka (cislo_objednavky, datum_objednavky, cislo_stavu_objednavky, datum_stavu_objednavky) VALUES (187, to_date('22/02/2017', 'DD/MM/YYYY'), 1, to_date('06/02/2010', 'DD/MM/YYYY'));
INSERT INTO objednavka (cislo_objednavky, datum_objednavky, cislo_stavu_objednavky, datum_stavu_objednavky) VALUES (188, to_date('10/01/2017', 'DD/MM/YYYY'), 0, to_date('10/09/2012', 'DD/MM/YYYY'));
INSERT INTO objednavka (cislo_objednavky, datum_objednavky, cislo_stavu_objednavky, datum_stavu_objednavky) VALUES (189, to_date('03/08/2013', 'DD/MM/YYYY'), 2, to_date('18/05/2016', 'DD/MM/YYYY'));
INSERT INTO objednavka (cislo_objednavky, datum_objednavky, cislo_stavu_objednavky, datum_stavu_objednavky) VALUES (190, to_date('25/07/2017', 'DD/MM/YYYY'), 2, to_date('20/12/2017', 'DD/MM/YYYY'));
INSERT INTO objednavka (cislo_objednavky, datum_objednavky, cislo_stavu_objednavky, datum_stavu_objednavky) VALUES (191, to_date('03/02/2015', 'DD/MM/YYYY'), 0, to_date('31/07/2015', 'DD/MM/YYYY'));
INSERT INTO objednavka (cislo_objednavky, datum_objednavky, cislo_stavu_objednavky, datum_stavu_objednavky) VALUES (192, to_date('22/09/2012', 'DD/MM/YYYY'), 0, to_date('26/10/2013', 'DD/MM/YYYY'));
INSERT INTO objednavka (cislo_objednavky, datum_objednavky, cislo_stavu_objednavky, datum_stavu_objednavky) VALUES (193, to_date('17/10/2010', 'DD/MM/YYYY'), 1, to_date('23/05/2017', 'DD/MM/YYYY'));
INSERT INTO objednavka (cislo_objednavky, datum_objednavky, cislo_stavu_objednavky, datum_stavu_objednavky) VALUES (194, to_date('20/11/2015', 'DD/MM/YYYY'), 0, to_date('22/08/2015', 'DD/MM/YYYY'));
INSERT INTO objednavka (cislo_objednavky, datum_objednavky, cislo_stavu_objednavky, datum_stavu_objednavky) VALUES (195, to_date('14/04/2016', 'DD/MM/YYYY'), 0, to_date('30/01/2014', 'DD/MM/YYYY'));
INSERT INTO objednavka (cislo_objednavky, datum_objednavky, cislo_stavu_objednavky, datum_stavu_objednavky) VALUES (196, to_date('28/01/2010', 'DD/MM/YYYY'), 0, to_date('16/12/2010', 'DD/MM/YYYY'));
INSERT INTO objednavka (cislo_objednavky, datum_objednavky, cislo_stavu_objednavky, datum_stavu_objednavky) VALUES (197, to_date('09/03/2010', 'DD/MM/YYYY'), 1, to_date('29/10/2012', 'DD/MM/YYYY'));
INSERT INTO objednavka (cislo_objednavky, datum_objednavky, cislo_stavu_objednavky, datum_stavu_objednavky) VALUES (198, to_date('18/01/2015', 'DD/MM/YYYY'), 1, to_date('26/04/2016', 'DD/MM/YYYY'));
INSERT INTO objednavka (cislo_objednavky, datum_objednavky, cislo_stavu_objednavky, datum_stavu_objednavky) VALUES (199, to_date('18/02/2016', 'DD/MM/YYYY'), 2, to_date('14/08/2015', 'DD/MM/YYYY'));
INSERT INTO objednavka (cislo_objednavky, datum_objednavky, cislo_stavu_objednavky, datum_stavu_objednavky) VALUES (200, to_date('23/06/2012', 'DD/MM/YYYY'), 0, to_date('05/01/2016', 'DD/MM/YYYY'));
INSERT INTO objednavka (cislo_objednavky, datum_objednavky, cislo_stavu_objednavky, datum_stavu_objednavky) VALUES (201, to_date('24/08/2011', 'DD/MM/YYYY'), 0, to_date('11/06/2013', 'DD/MM/YYYY'));
INSERT INTO objednavka (cislo_objednavky, datum_objednavky, cislo_stavu_objednavky, datum_stavu_objednavky) VALUES (202, to_date('17/10/2015', 'DD/MM/YYYY'), 0, to_date('05/11/2014', 'DD/MM/YYYY'));
INSERT INTO objednavka (cislo_objednavky, datum_objednavky, cislo_stavu_objednavky, datum_stavu_objednavky) VALUES (203, to_date('01/12/2016', 'DD/MM/YYYY'), 0, to_date('23/01/2015', 'DD/MM/YYYY'));
INSERT INTO objednavka (cislo_objednavky, datum_objednavky, cislo_stavu_objednavky, datum_stavu_objednavky) VALUES (204, to_date('02/07/2013', 'DD/MM/YYYY'), 0, to_date('15/06/2015', 'DD/MM/YYYY'));
INSERT INTO objednavka (cislo_objednavky, datum_objednavky, cislo_stavu_objednavky, datum_stavu_objednavky) VALUES (205, to_date('10/12/2017', 'DD/MM/YYYY'), 2, to_date('10/10/2014', 'DD/MM/YYYY'));
INSERT INTO objednavka (cislo_objednavky, datum_objednavky, cislo_stavu_objednavky, datum_stavu_objednavky) VALUES (206, to_date('30/07/2012', 'DD/MM/YYYY'), 0, to_date('26/05/2015', 'DD/MM/YYYY'));
INSERT INTO objednavka (cislo_objednavky, datum_objednavky, cislo_stavu_objednavky, datum_stavu_objednavky) VALUES (207, to_date('22/11/2012', 'DD/MM/YYYY'), 2, to_date('18/01/2014', 'DD/MM/YYYY'));
INSERT INTO objednavka (cislo_objednavky, datum_objednavky, cislo_stavu_objednavky, datum_stavu_objednavky) VALUES (208, to_date('19/07/2011', 'DD/MM/YYYY'), 0, to_date('09/07/2014', 'DD/MM/YYYY'));
INSERT INTO objednavka (cislo_objednavky, datum_objednavky, cislo_stavu_objednavky, datum_stavu_objednavky) VALUES (209, to_date('13/02/2011', 'DD/MM/YYYY'), 2, to_date('07/10/2013', 'DD/MM/YYYY'));
INSERT INTO objednavka (cislo_objednavky, datum_objednavky, cislo_stavu_objednavky, datum_stavu_objednavky) VALUES (210, to_date('05/01/2010', 'DD/MM/YYYY'), 0, to_date('04/04/2016', 'DD/MM/YYYY'));
INSERT INTO objednavka (cislo_objednavky, datum_objednavky, cislo_stavu_objednavky, datum_stavu_objednavky) VALUES (211, to_date('15/05/2015', 'DD/MM/YYYY'), 1, to_date('25/01/2017', 'DD/MM/YYYY'));
INSERT INTO objednavka (cislo_objednavky, datum_objednavky, cislo_stavu_objednavky, datum_stavu_objednavky) VALUES (212, to_date('24/07/2015', 'DD/MM/YYYY'), 2, to_date('31/08/2014', 'DD/MM/YYYY'));
INSERT INTO objednavka (cislo_objednavky, datum_objednavky, cislo_stavu_objednavky, datum_stavu_objednavky) VALUES (213, to_date('23/11/2016', 'DD/MM/YYYY'), 1, to_date('19/06/2016', 'DD/MM/YYYY'));
INSERT INTO objednavka (cislo_objednavky, datum_objednavky, cislo_stavu_objednavky, datum_stavu_objednavky) VALUES (214, to_date('22/08/2010', 'DD/MM/YYYY'), 2, to_date('09/08/2015', 'DD/MM/YYYY'));
INSERT INTO objednavka (cislo_objednavky, datum_objednavky, cislo_stavu_objednavky, datum_stavu_objednavky) VALUES (215, to_date('23/11/2016', 'DD/MM/YYYY'), 1, to_date('09/02/2016', 'DD/MM/YYYY'));
INSERT INTO objednavka (cislo_objednavky, datum_objednavky, cislo_stavu_objednavky, datum_stavu_objednavky) VALUES (216, to_date('22/10/2016', 'DD/MM/YYYY'), 0, to_date('16/02/2013', 'DD/MM/YYYY'));
INSERT INTO objednavka (cislo_objednavky, datum_objednavky, cislo_stavu_objednavky, datum_stavu_objednavky) VALUES (217, to_date('16/08/2012', 'DD/MM/YYYY'), 0, to_date('30/04/2013', 'DD/MM/YYYY'));
INSERT INTO objednavka (cislo_objednavky, datum_objednavky, cislo_stavu_objednavky, datum_stavu_objednavky) VALUES (218, to_date('03/11/2016', 'DD/MM/YYYY'), 1, to_date('13/08/2015', 'DD/MM/YYYY'));
INSERT INTO objednavka (cislo_objednavky, datum_objednavky, cislo_stavu_objednavky, datum_stavu_objednavky) VALUES (219, to_date('25/02/2014', 'DD/MM/YYYY'), 1, to_date('14/08/2017', 'DD/MM/YYYY'));
INSERT INTO objednavka (cislo_objednavky, datum_objednavky, cislo_stavu_objednavky, datum_stavu_objednavky) VALUES (220, to_date('29/05/2014', 'DD/MM/YYYY'), 0, to_date('23/08/2010', 'DD/MM/YYYY'));
INSERT INTO objednavka (cislo_objednavky, datum_objednavky, cislo_stavu_objednavky, datum_stavu_objednavky) VALUES (221, to_date('28/07/2015', 'DD/MM/YYYY'), 2, to_date('14/12/2017', 'DD/MM/YYYY'));
INSERT INTO objednavka (cislo_objednavky, datum_objednavky, cislo_stavu_objednavky, datum_stavu_objednavky) VALUES (222, to_date('11/07/2015', 'DD/MM/YYYY'), 1, to_date('10/07/2017', 'DD/MM/YYYY'));
INSERT INTO objednavka (cislo_objednavky, datum_objednavky, cislo_stavu_objednavky, datum_stavu_objednavky) VALUES (223, to_date('15/07/2013', 'DD/MM/YYYY'), 0, to_date('29/01/2012', 'DD/MM/YYYY'));
INSERT INTO objednavka (cislo_objednavky, datum_objednavky, cislo_stavu_objednavky, datum_stavu_objednavky) VALUES (224, to_date('06/02/2010', 'DD/MM/YYYY'), 1, to_date('27/01/2017', 'DD/MM/YYYY'));
INSERT INTO objednavka (cislo_objednavky, datum_objednavky, cislo_stavu_objednavky, datum_stavu_objednavky) VALUES (225, to_date('12/09/2012', 'DD/MM/YYYY'), 1, to_date('27/01/2016', 'DD/MM/YYYY'));
INSERT INTO objednavka (cislo_objednavky, datum_objednavky, cislo_stavu_objednavky, datum_stavu_objednavky) VALUES (226, to_date('05/07/2016', 'DD/MM/YYYY'), 0, to_date('23/03/2013', 'DD/MM/YYYY'));
INSERT INTO objednavka (cislo_objednavky, datum_objednavky, cislo_stavu_objednavky, datum_stavu_objednavky) VALUES (227, to_date('12/09/2015', 'DD/MM/YYYY'), 2, to_date('02/04/2016', 'DD/MM/YYYY'));
INSERT INTO objednavka (cislo_objednavky, datum_objednavky, cislo_stavu_objednavky, datum_stavu_objednavky) VALUES (228, to_date('12/09/2016', 'DD/MM/YYYY'), 2, to_date('28/04/2016', 'DD/MM/YYYY'));
INSERT INTO objednavka (cislo_objednavky, datum_objednavky, cislo_stavu_objednavky, datum_stavu_objednavky) VALUES (229, to_date('17/09/2010', 'DD/MM/YYYY'), 1, to_date('04/01/2017', 'DD/MM/YYYY'));
INSERT INTO objednavka (cislo_objednavky, datum_objednavky, cislo_stavu_objednavky, datum_stavu_objednavky) VALUES (230, to_date('17/07/2011', 'DD/MM/YYYY'), 2, to_date('21/10/2013', 'DD/MM/YYYY'));
INSERT INTO objednavka (cislo_objednavky, datum_objednavky, cislo_stavu_objednavky, datum_stavu_objednavky) VALUES (231, to_date('17/05/2014', 'DD/MM/YYYY'), 2, to_date('19/12/2016', 'DD/MM/YYYY'));
INSERT INTO objednavka (cislo_objednavky, datum_objednavky, cislo_stavu_objednavky, datum_stavu_objednavky) VALUES (232, to_date('07/08/2013', 'DD/MM/YYYY'), 1, to_date('23/12/2013', 'DD/MM/YYYY'));
INSERT INTO objednavka (cislo_objednavky, datum_objednavky, cislo_stavu_objednavky, datum_stavu_objednavky) VALUES (233, to_date('20/03/2012', 'DD/MM/YYYY'), 1, to_date('02/02/2013', 'DD/MM/YYYY'));
INSERT INTO objednavka (cislo_objednavky, datum_objednavky, cislo_stavu_objednavky, datum_stavu_objednavky) VALUES (234, to_date('02/06/2016', 'DD/MM/YYYY'), 2, to_date('14/01/2014', 'DD/MM/YYYY'));
INSERT INTO objednavka (cislo_objednavky, datum_objednavky, cislo_stavu_objednavky, datum_stavu_objednavky) VALUES (235, to_date('07/05/2013', 'DD/MM/YYYY'), 1, to_date('21/02/2010', 'DD/MM/YYYY'));
INSERT INTO objednavka (cislo_objednavky, datum_objednavky, cislo_stavu_objednavky, datum_stavu_objednavky) VALUES (236, to_date('08/08/2014', 'DD/MM/YYYY'), 1, to_date('29/07/2015', 'DD/MM/YYYY'));
INSERT INTO objednavka (cislo_objednavky, datum_objednavky, cislo_stavu_objednavky, datum_stavu_objednavky) VALUES (237, to_date('18/03/2013', 'DD/MM/YYYY'), 1, to_date('26/08/2011', 'DD/MM/YYYY'));
INSERT INTO objednavka (cislo_objednavky, datum_objednavky, cislo_stavu_objednavky, datum_stavu_objednavky) VALUES (238, to_date('08/06/2013', 'DD/MM/YYYY'), 2, to_date('30/03/2011', 'DD/MM/YYYY'));
INSERT INTO objednavka (cislo_objednavky, datum_objednavky, cislo_stavu_objednavky, datum_stavu_objednavky) VALUES (239, to_date('13/08/2012', 'DD/MM/YYYY'), 2, to_date('20/10/2017', 'DD/MM/YYYY'));
INSERT INTO objednavka (cislo_objednavky, datum_objednavky, cislo_stavu_objednavky, datum_stavu_objednavky) VALUES (240, to_date('01/05/2013', 'DD/MM/YYYY'), 2, to_date('04/12/2013', 'DD/MM/YYYY'));
INSERT INTO objednavka (cislo_objednavky, datum_objednavky, cislo_stavu_objednavky, datum_stavu_objednavky) VALUES (241, to_date('21/10/2016', 'DD/MM/YYYY'), 2, to_date('05/06/2010', 'DD/MM/YYYY'));
INSERT INTO objednavka (cislo_objednavky, datum_objednavky, cislo_stavu_objednavky, datum_stavu_objednavky) VALUES (242, to_date('16/01/2017', 'DD/MM/YYYY'), 0, to_date('24/07/2010', 'DD/MM/YYYY'));
INSERT INTO objednavka (cislo_objednavky, datum_objednavky, cislo_stavu_objednavky, datum_stavu_objednavky) VALUES (243, to_date('01/08/2010', 'DD/MM/YYYY'), 0, to_date('12/10/2011', 'DD/MM/YYYY'));
INSERT INTO objednavka (cislo_objednavky, datum_objednavky, cislo_stavu_objednavky, datum_stavu_objednavky) VALUES (244, to_date('19/02/2010', 'DD/MM/YYYY'), 1, to_date('03/11/2017', 'DD/MM/YYYY'));
INSERT INTO objednavka (cislo_objednavky, datum_objednavky, cislo_stavu_objednavky, datum_stavu_objednavky) VALUES (245, to_date('17/12/2014', 'DD/MM/YYYY'), 1, to_date('24/08/2017', 'DD/MM/YYYY'));
INSERT INTO objednavka (cislo_objednavky, datum_objednavky, cislo_stavu_objednavky, datum_stavu_objednavky) VALUES (246, to_date('17/09/2017', 'DD/MM/YYYY'), 2, to_date('05/08/2012', 'DD/MM/YYYY'));
INSERT INTO objednavka (cislo_objednavky, datum_objednavky, cislo_stavu_objednavky, datum_stavu_objednavky) VALUES (247, to_date('01/11/2014', 'DD/MM/YYYY'), 0, to_date('29/09/2017', 'DD/MM/YYYY'));
INSERT INTO objednavka (cislo_objednavky, datum_objednavky, cislo_stavu_objednavky, datum_stavu_objednavky) VALUES (248, to_date('10/02/2014', 'DD/MM/YYYY'), 2, to_date('23/01/2017', 'DD/MM/YYYY'));
INSERT INTO objednavka (cislo_objednavky, datum_objednavky, cislo_stavu_objednavky, datum_stavu_objednavky) VALUES (249, to_date('12/05/2012', 'DD/MM/YYYY'), 0, to_date('26/04/2017', 'DD/MM/YYYY'));
INSERT INTO objednavka (cislo_objednavky, datum_objednavky, cislo_stavu_objednavky, datum_stavu_objednavky) VALUES (250, to_date('26/12/2017', 'DD/MM/YYYY'), 0, to_date('27/07/2013', 'DD/MM/YYYY'));
INSERT INTO objednavka (cislo_objednavky, datum_objednavky, cislo_stavu_objednavky, datum_stavu_objednavky) VALUES (251, to_date('13/09/2010', 'DD/MM/YYYY'), 2, to_date('19/02/2014', 'DD/MM/YYYY'));
INSERT INTO objednavka (cislo_objednavky, datum_objednavky, cislo_stavu_objednavky, datum_stavu_objednavky) VALUES (252, to_date('17/10/2016', 'DD/MM/YYYY'), 1, to_date('30/08/2015', 'DD/MM/YYYY'));
INSERT INTO objednavka (cislo_objednavky, datum_objednavky, cislo_stavu_objednavky, datum_stavu_objednavky) VALUES (253, to_date('15/05/2010', 'DD/MM/YYYY'), 1, to_date('23/05/2010', 'DD/MM/YYYY'));
INSERT INTO objednavka (cislo_objednavky, datum_objednavky, cislo_stavu_objednavky, datum_stavu_objednavky) VALUES (254, to_date('08/09/2010', 'DD/MM/YYYY'), 1, to_date('17/04/2014', 'DD/MM/YYYY'));
INSERT INTO objednavka (cislo_objednavky, datum_objednavky, cislo_stavu_objednavky, datum_stavu_objednavky) VALUES (255, to_date('24/04/2013', 'DD/MM/YYYY'), 2, to_date('11/04/2012', 'DD/MM/YYYY'));
INSERT INTO objednavka (cislo_objednavky, datum_objednavky, cislo_stavu_objednavky, datum_stavu_objednavky) VALUES (256, to_date('14/03/2011', 'DD/MM/YYYY'), 0, to_date('13/02/2016', 'DD/MM/YYYY'));
INSERT INTO objednavka (cislo_objednavky, datum_objednavky, cislo_stavu_objednavky, datum_stavu_objednavky) VALUES (257, to_date('19/09/2016', 'DD/MM/YYYY'), 0, to_date('30/12/2014', 'DD/MM/YYYY'));
INSERT INTO objednavka (cislo_objednavky, datum_objednavky, cislo_stavu_objednavky, datum_stavu_objednavky) VALUES (258, to_date('25/03/2016', 'DD/MM/YYYY'), 2, to_date('25/05/2012', 'DD/MM/YYYY'));
INSERT INTO objednavka (cislo_objednavky, datum_objednavky, cislo_stavu_objednavky, datum_stavu_objednavky) VALUES (259, to_date('28/11/2011', 'DD/MM/YYYY'), 0, to_date('30/10/2012', 'DD/MM/YYYY'));
INSERT INTO objednavka (cislo_objednavky, datum_objednavky, cislo_stavu_objednavky, datum_stavu_objednavky) VALUES (260, to_date('14/05/2013', 'DD/MM/YYYY'), 2, to_date('09/01/2017', 'DD/MM/YYYY'));
INSERT INTO objednavka (cislo_objednavky, datum_objednavky, cislo_stavu_objednavky, datum_stavu_objednavky) VALUES (261, to_date('07/03/2012', 'DD/MM/YYYY'), 2, to_date('25/11/2017', 'DD/MM/YYYY'));
INSERT INTO objednavka (cislo_objednavky, datum_objednavky, cislo_stavu_objednavky, datum_stavu_objednavky) VALUES (262, to_date('14/02/2013', 'DD/MM/YYYY'), 1, to_date('04/05/2010', 'DD/MM/YYYY'));
INSERT INTO objednavka (cislo_objednavky, datum_objednavky, cislo_stavu_objednavky, datum_stavu_objednavky) VALUES (263, to_date('09/10/2015', 'DD/MM/YYYY'), 1, to_date('03/05/2010', 'DD/MM/YYYY'));
INSERT INTO objednavka (cislo_objednavky, datum_objednavky, cislo_stavu_objednavky, datum_stavu_objednavky) VALUES (264, to_date('24/09/2017', 'DD/MM/YYYY'), 2, to_date('01/08/2014', 'DD/MM/YYYY'));
INSERT INTO objednavka (cislo_objednavky, datum_objednavky, cislo_stavu_objednavky, datum_stavu_objednavky) VALUES (265, to_date('23/07/2013', 'DD/MM/YYYY'), 1, to_date('06/03/2017', 'DD/MM/YYYY'));
INSERT INTO objednavka (cislo_objednavky, datum_objednavky, cislo_stavu_objednavky, datum_stavu_objednavky) VALUES (266, to_date('29/06/2010', 'DD/MM/YYYY'), 2, to_date('07/03/2017', 'DD/MM/YYYY'));
INSERT INTO objednavka (cislo_objednavky, datum_objednavky, cislo_stavu_objednavky, datum_stavu_objednavky) VALUES (267, to_date('23/03/2016', 'DD/MM/YYYY'), 0, to_date('15/09/2015', 'DD/MM/YYYY'));
INSERT INTO objednavka (cislo_objednavky, datum_objednavky, cislo_stavu_objednavky, datum_stavu_objednavky) VALUES (268, to_date('28/04/2014', 'DD/MM/YYYY'), 2, to_date('17/03/2016', 'DD/MM/YYYY'));
INSERT INTO objednavka (cislo_objednavky, datum_objednavky, cislo_stavu_objednavky, datum_stavu_objednavky) VALUES (269, to_date('17/12/2012', 'DD/MM/YYYY'), 2, to_date('26/02/2013', 'DD/MM/YYYY'));
INSERT INTO objednavka (cislo_objednavky, datum_objednavky, cislo_stavu_objednavky, datum_stavu_objednavky) VALUES (270, to_date('17/03/2014', 'DD/MM/YYYY'), 0, to_date('01/07/2012', 'DD/MM/YYYY'));
INSERT INTO objednavka (cislo_objednavky, datum_objednavky, cislo_stavu_objednavky, datum_stavu_objednavky) VALUES (271, to_date('12/02/2015', 'DD/MM/YYYY'), 1, to_date('10/05/2010', 'DD/MM/YYYY'));
INSERT INTO objednavka (cislo_objednavky, datum_objednavky, cislo_stavu_objednavky, datum_stavu_objednavky) VALUES (272, to_date('13/03/2010', 'DD/MM/YYYY'), 0, to_date('30/12/2013', 'DD/MM/YYYY'));
INSERT INTO objednavka (cislo_objednavky, datum_objednavky, cislo_stavu_objednavky, datum_stavu_objednavky) VALUES (273, to_date('16/09/2010', 'DD/MM/YYYY'), 0, to_date('05/10/2014', 'DD/MM/YYYY'));
INSERT INTO objednavka (cislo_objednavky, datum_objednavky, cislo_stavu_objednavky, datum_stavu_objednavky) VALUES (274, to_date('12/10/2010', 'DD/MM/YYYY'), 2, to_date('16/04/2015', 'DD/MM/YYYY'));
INSERT INTO objednavka (cislo_objednavky, datum_objednavky, cislo_stavu_objednavky, datum_stavu_objednavky) VALUES (275, to_date('29/07/2010', 'DD/MM/YYYY'), 2, to_date('15/02/2017', 'DD/MM/YYYY'));
INSERT INTO objednavka (cislo_objednavky, datum_objednavky, cislo_stavu_objednavky, datum_stavu_objednavky) VALUES (276, to_date('03/01/2016', 'DD/MM/YYYY'), 0, to_date('03/11/2010', 'DD/MM/YYYY'));
INSERT INTO objednavka (cislo_objednavky, datum_objednavky, cislo_stavu_objednavky, datum_stavu_objednavky) VALUES (277, to_date('24/09/2017', 'DD/MM/YYYY'), 0, to_date('16/05/2016', 'DD/MM/YYYY'));
INSERT INTO objednavka (cislo_objednavky, datum_objednavky, cislo_stavu_objednavky, datum_stavu_objednavky) VALUES (278, to_date('08/04/2015', 'DD/MM/YYYY'), 0, to_date('26/02/2011', 'DD/MM/YYYY'));
INSERT INTO objednavka (cislo_objednavky, datum_objednavky, cislo_stavu_objednavky, datum_stavu_objednavky) VALUES (279, to_date('01/05/2013', 'DD/MM/YYYY'), 2, to_date('31/08/2014', 'DD/MM/YYYY'));
INSERT INTO objednavka (cislo_objednavky, datum_objednavky, cislo_stavu_objednavky, datum_stavu_objednavky) VALUES (280, to_date('26/06/2010', 'DD/MM/YYYY'), 0, to_date('27/01/2015', 'DD/MM/YYYY'));
INSERT INTO objednavka (cislo_objednavky, datum_objednavky, cislo_stavu_objednavky, datum_stavu_objednavky) VALUES (281, to_date('27/12/2014', 'DD/MM/YYYY'), 0, to_date('04/12/2012', 'DD/MM/YYYY'));
INSERT INTO objednavka (cislo_objednavky, datum_objednavky, cislo_stavu_objednavky, datum_stavu_objednavky) VALUES (282, to_date('01/08/2015', 'DD/MM/YYYY'), 0, to_date('14/12/2012', 'DD/MM/YYYY'));
INSERT INTO objednavka (cislo_objednavky, datum_objednavky, cislo_stavu_objednavky, datum_stavu_objednavky) VALUES (283, to_date('24/01/2011', 'DD/MM/YYYY'), 2, to_date('15/02/2012', 'DD/MM/YYYY'));
INSERT INTO objednavka (cislo_objednavky, datum_objednavky, cislo_stavu_objednavky, datum_stavu_objednavky) VALUES (284, to_date('05/08/2016', 'DD/MM/YYYY'), 2, to_date('23/04/2010', 'DD/MM/YYYY'));
INSERT INTO objednavka (cislo_objednavky, datum_objednavky, cislo_stavu_objednavky, datum_stavu_objednavky) VALUES (285, to_date('25/01/2017', 'DD/MM/YYYY'), 1, to_date('16/01/2010', 'DD/MM/YYYY'));
INSERT INTO objednavka (cislo_objednavky, datum_objednavky, cislo_stavu_objednavky, datum_stavu_objednavky) VALUES (286, to_date('12/02/2016', 'DD/MM/YYYY'), 2, to_date('03/02/2017', 'DD/MM/YYYY'));
INSERT INTO objednavka (cislo_objednavky, datum_objednavky, cislo_stavu_objednavky, datum_stavu_objednavky) VALUES (287, to_date('14/04/2013', 'DD/MM/YYYY'), 2, to_date('23/04/2014', 'DD/MM/YYYY'));
INSERT INTO objednavka (cislo_objednavky, datum_objednavky, cislo_stavu_objednavky, datum_stavu_objednavky) VALUES (288, to_date('30/06/2010', 'DD/MM/YYYY'), 2, to_date('28/06/2011', 'DD/MM/YYYY'));
INSERT INTO objednavka (cislo_objednavky, datum_objednavky, cislo_stavu_objednavky, datum_stavu_objednavky) VALUES (289, to_date('20/08/2011', 'DD/MM/YYYY'), 0, to_date('15/12/2014', 'DD/MM/YYYY'));
INSERT INTO objednavka (cislo_objednavky, datum_objednavky, cislo_stavu_objednavky, datum_stavu_objednavky) VALUES (290, to_date('01/01/2010', 'DD/MM/YYYY'), 0, to_date('24/04/2014', 'DD/MM/YYYY'));
INSERT INTO objednavka (cislo_objednavky, datum_objednavky, cislo_stavu_objednavky, datum_stavu_objednavky) VALUES (291, to_date('24/04/2013', 'DD/MM/YYYY'), 1, to_date('16/05/2011', 'DD/MM/YYYY'));
INSERT INTO objednavka (cislo_objednavky, datum_objednavky, cislo_stavu_objednavky, datum_stavu_objednavky) VALUES (292, to_date('27/12/2017', 'DD/MM/YYYY'), 0, to_date('24/11/2013', 'DD/MM/YYYY'));
INSERT INTO objednavka (cislo_objednavky, datum_objednavky, cislo_stavu_objednavky, datum_stavu_objednavky) VALUES (293, to_date('17/06/2012', 'DD/MM/YYYY'), 0, to_date('01/05/2012', 'DD/MM/YYYY'));
INSERT INTO objednavka (cislo_objednavky, datum_objednavky, cislo_stavu_objednavky, datum_stavu_objednavky) VALUES (294, to_date('08/01/2017', 'DD/MM/YYYY'), 2, to_date('19/07/2010', 'DD/MM/YYYY'));
INSERT INTO objednavka (cislo_objednavky, datum_objednavky, cislo_stavu_objednavky, datum_stavu_objednavky) VALUES (295, to_date('10/09/2013', 'DD/MM/YYYY'), 0, to_date('16/02/2013', 'DD/MM/YYYY'));
INSERT INTO objednavka (cislo_objednavky, datum_objednavky, cislo_stavu_objednavky, datum_stavu_objednavky) VALUES (296, to_date('01/07/2014', 'DD/MM/YYYY'), 2, to_date('19/04/2017', 'DD/MM/YYYY'));
INSERT INTO objednavka (cislo_objednavky, datum_objednavky, cislo_stavu_objednavky, datum_stavu_objednavky) VALUES (297, to_date('15/06/2012', 'DD/MM/YYYY'), 1, to_date('25/10/2013', 'DD/MM/YYYY'));
INSERT INTO objednavka (cislo_objednavky, datum_objednavky, cislo_stavu_objednavky, datum_stavu_objednavky) VALUES (298, to_date('29/03/2011', 'DD/MM/YYYY'), 1, to_date('10/10/2017', 'DD/MM/YYYY'));
INSERT INTO objednavka (cislo_objednavky, datum_objednavky, cislo_stavu_objednavky, datum_stavu_objednavky) VALUES (299, to_date('15/09/2015', 'DD/MM/YYYY'), 2, to_date('02/01/2015', 'DD/MM/YYYY'));
INSERT INTO objednavka (cislo_objednavky, datum_objednavky, cislo_stavu_objednavky, datum_stavu_objednavky) VALUES (300, to_date('05/09/2016', 'DD/MM/YYYY'), 1, to_date('13/11/2015', 'DD/MM/YYYY'));
INSERT INTO objednavka (cislo_objednavky, datum_objednavky, cislo_stavu_objednavky, datum_stavu_objednavky) VALUES (301, to_date('26/10/2016', 'DD/MM/YYYY'), 1, to_date('09/09/2017', 'DD/MM/YYYY'));
INSERT INTO objednavka (cislo_objednavky, datum_objednavky, cislo_stavu_objednavky, datum_stavu_objednavky) VALUES (302, to_date('28/05/2010', 'DD/MM/YYYY'), 0, to_date('12/05/2015', 'DD/MM/YYYY'));
INSERT INTO objednavka (cislo_objednavky, datum_objednavky, cislo_stavu_objednavky, datum_stavu_objednavky) VALUES (303, to_date('12/04/2016', 'DD/MM/YYYY'), 1, to_date('02/03/2013', 'DD/MM/YYYY'));
INSERT INTO objednavka (cislo_objednavky, datum_objednavky, cislo_stavu_objednavky, datum_stavu_objednavky) VALUES (304, to_date('08/02/2014', 'DD/MM/YYYY'), 2, to_date('08/02/2013', 'DD/MM/YYYY'));
INSERT INTO objednavka (cislo_objednavky, datum_objednavky, cislo_stavu_objednavky, datum_stavu_objednavky) VALUES (305, to_date('06/04/2013', 'DD/MM/YYYY'), 2, to_date('11/03/2016', 'DD/MM/YYYY'));
INSERT INTO objednavka (cislo_objednavky, datum_objednavky, cislo_stavu_objednavky, datum_stavu_objednavky) VALUES (306, to_date('01/06/2015', 'DD/MM/YYYY'), 0, to_date('11/07/2011', 'DD/MM/YYYY'));
INSERT INTO objednavka (cislo_objednavky, datum_objednavky, cislo_stavu_objednavky, datum_stavu_objednavky) VALUES (307, to_date('02/12/2016', 'DD/MM/YYYY'), 1, to_date('02/01/2011', 'DD/MM/YYYY'));
INSERT INTO objednavka (cislo_objednavky, datum_objednavky, cislo_stavu_objednavky, datum_stavu_objednavky) VALUES (308, to_date('03/11/2014', 'DD/MM/YYYY'), 0, to_date('28/09/2010', 'DD/MM/YYYY'));
INSERT INTO objednavka (cislo_objednavky, datum_objednavky, cislo_stavu_objednavky, datum_stavu_objednavky) VALUES (309, to_date('20/10/2010', 'DD/MM/YYYY'), 0, to_date('12/01/2011', 'DD/MM/YYYY'));
INSERT INTO objednavka (cislo_objednavky, datum_objednavky, cislo_stavu_objednavky, datum_stavu_objednavky) VALUES (310, to_date('30/06/2014', 'DD/MM/YYYY'), 0, to_date('30/12/2017', 'DD/MM/YYYY'));
INSERT INTO objednavka (cislo_objednavky, datum_objednavky, cislo_stavu_objednavky, datum_stavu_objednavky) VALUES (311, to_date('04/03/2010', 'DD/MM/YYYY'), 0, to_date('31/05/2012', 'DD/MM/YYYY'));
INSERT INTO objednavka (cislo_objednavky, datum_objednavky, cislo_stavu_objednavky, datum_stavu_objednavky) VALUES (312, to_date('24/11/2016', 'DD/MM/YYYY'), 2, to_date('09/07/2010', 'DD/MM/YYYY'));
INSERT INTO objednavka (cislo_objednavky, datum_objednavky, cislo_stavu_objednavky, datum_stavu_objednavky) VALUES (313, to_date('27/12/2015', 'DD/MM/YYYY'), 1, to_date('14/12/2010', 'DD/MM/YYYY'));
INSERT INTO objednavka (cislo_objednavky, datum_objednavky, cislo_stavu_objednavky, datum_stavu_objednavky) VALUES (314, to_date('19/03/2011', 'DD/MM/YYYY'), 1, to_date('13/12/2017', 'DD/MM/YYYY'));
INSERT INTO objednavka (cislo_objednavky, datum_objednavky, cislo_stavu_objednavky, datum_stavu_objednavky) VALUES (315, to_date('01/03/2012', 'DD/MM/YYYY'), 0, to_date('17/01/2015', 'DD/MM/YYYY'));
INSERT INTO objednavka (cislo_objednavky, datum_objednavky, cislo_stavu_objednavky, datum_stavu_objednavky) VALUES (316, to_date('23/04/2013', 'DD/MM/YYYY'), 1, to_date('21/03/2017', 'DD/MM/YYYY'));
INSERT INTO objednavka (cislo_objednavky, datum_objednavky, cislo_stavu_objednavky, datum_stavu_objednavky) VALUES (317, to_date('28/11/2015', 'DD/MM/YYYY'), 2, to_date('23/07/2016', 'DD/MM/YYYY'));
INSERT INTO objednavka (cislo_objednavky, datum_objednavky, cislo_stavu_objednavky, datum_stavu_objednavky) VALUES (318, to_date('01/12/2014', 'DD/MM/YYYY'), 0, to_date('04/11/2013', 'DD/MM/YYYY'));
INSERT INTO objednavka (cislo_objednavky, datum_objednavky, cislo_stavu_objednavky, datum_stavu_objednavky) VALUES (319, to_date('03/03/2015', 'DD/MM/YYYY'), 1, to_date('30/05/2012', 'DD/MM/YYYY'));
INSERT INTO objednavka (cislo_objednavky, datum_objednavky, cislo_stavu_objednavky, datum_stavu_objednavky) VALUES (320, to_date('27/08/2012', 'DD/MM/YYYY'), 0, to_date('05/03/2014', 'DD/MM/YYYY'));
INSERT INTO objednavka (cislo_objednavky, datum_objednavky, cislo_stavu_objednavky, datum_stavu_objednavky) VALUES (321, to_date('12/03/2016', 'DD/MM/YYYY'), 0, to_date('25/01/2010', 'DD/MM/YYYY'));
INSERT INTO objednavka (cislo_objednavky, datum_objednavky, cislo_stavu_objednavky, datum_stavu_objednavky) VALUES (322, to_date('01/06/2015', 'DD/MM/YYYY'), 1, to_date('26/08/2017', 'DD/MM/YYYY'));
INSERT INTO objednavka (cislo_objednavky, datum_objednavky, cislo_stavu_objednavky, datum_stavu_objednavky) VALUES (323, to_date('30/04/2012', 'DD/MM/YYYY'), 2, to_date('12/11/2013', 'DD/MM/YYYY'));
INSERT INTO objednavka (cislo_objednavky, datum_objednavky, cislo_stavu_objednavky, datum_stavu_objednavky) VALUES (324, to_date('28/12/2015', 'DD/MM/YYYY'), 1, to_date('28/10/2013', 'DD/MM/YYYY'));
INSERT INTO objednavka (cislo_objednavky, datum_objednavky, cislo_stavu_objednavky, datum_stavu_objednavky) VALUES (325, to_date('01/01/2015', 'DD/MM/YYYY'), 2, to_date('14/02/2017', 'DD/MM/YYYY'));
INSERT INTO objednavka (cislo_objednavky, datum_objednavky, cislo_stavu_objednavky, datum_stavu_objednavky) VALUES (326, to_date('20/06/2014', 'DD/MM/YYYY'), 2, to_date('26/10/2014', 'DD/MM/YYYY'));
INSERT INTO objednavka (cislo_objednavky, datum_objednavky, cislo_stavu_objednavky, datum_stavu_objednavky) VALUES (327, to_date('04/06/2010', 'DD/MM/YYYY'), 0, to_date('29/01/2016', 'DD/MM/YYYY'));
INSERT INTO objednavka (cislo_objednavky, datum_objednavky, cislo_stavu_objednavky, datum_stavu_objednavky) VALUES (328, to_date('26/03/2017', 'DD/MM/YYYY'), 0, to_date('17/11/2013', 'DD/MM/YYYY'));
INSERT INTO objednavka (cislo_objednavky, datum_objednavky, cislo_stavu_objednavky, datum_stavu_objednavky) VALUES (329, to_date('17/04/2011', 'DD/MM/YYYY'), 2, to_date('02/08/2016', 'DD/MM/YYYY'));
INSERT INTO objednavka (cislo_objednavky, datum_objednavky, cislo_stavu_objednavky, datum_stavu_objednavky) VALUES (330, to_date('07/09/2016', 'DD/MM/YYYY'), 1, to_date('17/04/2017', 'DD/MM/YYYY'));
INSERT INTO objednavka (cislo_objednavky, datum_objednavky, cislo_stavu_objednavky, datum_stavu_objednavky) VALUES (331, to_date('12/11/2016', 'DD/MM/YYYY'), 0, to_date('12/03/2015', 'DD/MM/YYYY'));
INSERT INTO objednavka (cislo_objednavky, datum_objednavky, cislo_stavu_objednavky, datum_stavu_objednavky) VALUES (332, to_date('14/09/2012', 'DD/MM/YYYY'), 0, to_date('02/04/2015', 'DD/MM/YYYY'));
INSERT INTO objednavka (cislo_objednavky, datum_objednavky, cislo_stavu_objednavky, datum_stavu_objednavky) VALUES (333, to_date('05/01/2013', 'DD/MM/YYYY'), 2, to_date('02/11/2013', 'DD/MM/YYYY'));
INSERT INTO objednavka (cislo_objednavky, datum_objednavky, cislo_stavu_objednavky, datum_stavu_objednavky) VALUES (334, to_date('01/07/2013', 'DD/MM/YYYY'), 0, to_date('04/02/2012', 'DD/MM/YYYY'));
INSERT INTO objednavka (cislo_objednavky, datum_objednavky, cislo_stavu_objednavky, datum_stavu_objednavky) VALUES (335, to_date('17/11/2016', 'DD/MM/YYYY'), 1, to_date('07/09/2014', 'DD/MM/YYYY'));
INSERT INTO objednavka (cislo_objednavky, datum_objednavky, cislo_stavu_objednavky, datum_stavu_objednavky) VALUES (336, to_date('14/07/2016', 'DD/MM/YYYY'), 0, to_date('26/09/2013', 'DD/MM/YYYY'));
INSERT INTO objednavka (cislo_objednavky, datum_objednavky, cislo_stavu_objednavky, datum_stavu_objednavky) VALUES (337, to_date('23/06/2014', 'DD/MM/YYYY'), 0, to_date('14/08/2010', 'DD/MM/YYYY'));
INSERT INTO objednavka (cislo_objednavky, datum_objednavky, cislo_stavu_objednavky, datum_stavu_objednavky) VALUES (338, to_date('24/12/2015', 'DD/MM/YYYY'), 0, to_date('10/06/2013', 'DD/MM/YYYY'));
INSERT INTO objednavka (cislo_objednavky, datum_objednavky, cislo_stavu_objednavky, datum_stavu_objednavky) VALUES (339, to_date('09/10/2012', 'DD/MM/YYYY'), 2, to_date('05/11/2011', 'DD/MM/YYYY'));
INSERT INTO objednavka (cislo_objednavky, datum_objednavky, cislo_stavu_objednavky, datum_stavu_objednavky) VALUES (340, to_date('18/02/2012', 'DD/MM/YYYY'), 0, to_date('21/05/2011', 'DD/MM/YYYY'));
INSERT INTO objednavka (cislo_objednavky, datum_objednavky, cislo_stavu_objednavky, datum_stavu_objednavky) VALUES (341, to_date('02/02/2010', 'DD/MM/YYYY'), 1, to_date('06/09/2013', 'DD/MM/YYYY'));
INSERT INTO objednavka (cislo_objednavky, datum_objednavky, cislo_stavu_objednavky, datum_stavu_objednavky) VALUES (342, to_date('18/03/2017', 'DD/MM/YYYY'), 0, to_date('09/07/2015', 'DD/MM/YYYY'));
INSERT INTO objednavka (cislo_objednavky, datum_objednavky, cislo_stavu_objednavky, datum_stavu_objednavky) VALUES (343, to_date('24/05/2011', 'DD/MM/YYYY'), 0, to_date('17/02/2010', 'DD/MM/YYYY'));
INSERT INTO objednavka (cislo_objednavky, datum_objednavky, cislo_stavu_objednavky, datum_stavu_objednavky) VALUES (344, to_date('28/03/2017', 'DD/MM/YYYY'), 2, to_date('17/11/2015', 'DD/MM/YYYY'));
INSERT INTO objednavka (cislo_objednavky, datum_objednavky, cislo_stavu_objednavky, datum_stavu_objednavky) VALUES (345, to_date('31/01/2014', 'DD/MM/YYYY'), 1, to_date('29/06/2015', 'DD/MM/YYYY'));
INSERT INTO objednavka (cislo_objednavky, datum_objednavky, cislo_stavu_objednavky, datum_stavu_objednavky) VALUES (346, to_date('18/11/2013', 'DD/MM/YYYY'), 2, to_date('17/03/2016', 'DD/MM/YYYY'));
INSERT INTO objednavka (cislo_objednavky, datum_objednavky, cislo_stavu_objednavky, datum_stavu_objednavky) VALUES (347, to_date('27/09/2012', 'DD/MM/YYYY'), 2, to_date('28/03/2010', 'DD/MM/YYYY'));
INSERT INTO objednavka (cislo_objednavky, datum_objednavky, cislo_stavu_objednavky, datum_stavu_objednavky) VALUES (348, to_date('23/05/2011', 'DD/MM/YYYY'), 0, to_date('01/01/2016', 'DD/MM/YYYY'));
INSERT INTO objednavka (cislo_objednavky, datum_objednavky, cislo_stavu_objednavky, datum_stavu_objednavky) VALUES (349, to_date('12/05/2012', 'DD/MM/YYYY'), 1, to_date('16/10/2017', 'DD/MM/YYYY'));
INSERT INTO objednavka (cislo_objednavky, datum_objednavky, cislo_stavu_objednavky, datum_stavu_objednavky) VALUES (350, to_date('05/01/2011', 'DD/MM/YYYY'), 1, to_date('17/03/2017', 'DD/MM/YYYY'));
INSERT INTO objednavka (cislo_objednavky, datum_objednavky, cislo_stavu_objednavky, datum_stavu_objednavky) VALUES (351, to_date('05/06/2012', 'DD/MM/YYYY'), 1, to_date('25/07/2015', 'DD/MM/YYYY'));
INSERT INTO objednavka (cislo_objednavky, datum_objednavky, cislo_stavu_objednavky, datum_stavu_objednavky) VALUES (352, to_date('27/06/2015', 'DD/MM/YYYY'), 0, to_date('27/02/2011', 'DD/MM/YYYY'));
INSERT INTO objednavka (cislo_objednavky, datum_objednavky, cislo_stavu_objednavky, datum_stavu_objednavky) VALUES (353, to_date('22/06/2012', 'DD/MM/YYYY'), 0, to_date('04/11/2010', 'DD/MM/YYYY'));
INSERT INTO objednavka (cislo_objednavky, datum_objednavky, cislo_stavu_objednavky, datum_stavu_objednavky) VALUES (354, to_date('17/09/2016', 'DD/MM/YYYY'), 1, to_date('11/12/2010', 'DD/MM/YYYY'));
INSERT INTO objednavka (cislo_objednavky, datum_objednavky, cislo_stavu_objednavky, datum_stavu_objednavky) VALUES (355, to_date('04/10/2010', 'DD/MM/YYYY'), 2, to_date('17/01/2016', 'DD/MM/YYYY'));
INSERT INTO objednavka (cislo_objednavky, datum_objednavky, cislo_stavu_objednavky, datum_stavu_objednavky) VALUES (356, to_date('17/04/2010', 'DD/MM/YYYY'), 1, to_date('12/02/2012', 'DD/MM/YYYY'));
INSERT INTO objednavka (cislo_objednavky, datum_objednavky, cislo_stavu_objednavky, datum_stavu_objednavky) VALUES (357, to_date('21/09/2016', 'DD/MM/YYYY'), 2, to_date('21/02/2014', 'DD/MM/YYYY'));
INSERT INTO objednavka (cislo_objednavky, datum_objednavky, cislo_stavu_objednavky, datum_stavu_objednavky) VALUES (358, to_date('07/12/2010', 'DD/MM/YYYY'), 2, to_date('16/01/2016', 'DD/MM/YYYY'));
INSERT INTO objednavka (cislo_objednavky, datum_objednavky, cislo_stavu_objednavky, datum_stavu_objednavky) VALUES (359, to_date('03/05/2017', 'DD/MM/YYYY'), 2, to_date('13/01/2015', 'DD/MM/YYYY'));
INSERT INTO objednavka (cislo_objednavky, datum_objednavky, cislo_stavu_objednavky, datum_stavu_objednavky) VALUES (360, to_date('16/07/2012', 'DD/MM/YYYY'), 0, to_date('09/07/2015', 'DD/MM/YYYY'));
INSERT INTO objednavka (cislo_objednavky, datum_objednavky, cislo_stavu_objednavky, datum_stavu_objednavky) VALUES (361, to_date('15/05/2010', 'DD/MM/YYYY'), 2, to_date('10/07/2016', 'DD/MM/YYYY'));
INSERT INTO objednavka (cislo_objednavky, datum_objednavky, cislo_stavu_objednavky, datum_stavu_objednavky) VALUES (362, to_date('19/04/2015', 'DD/MM/YYYY'), 0, to_date('21/07/2015', 'DD/MM/YYYY'));
INSERT INTO objednavka (cislo_objednavky, datum_objednavky, cislo_stavu_objednavky, datum_stavu_objednavky) VALUES (363, to_date('04/02/2011', 'DD/MM/YYYY'), 0, to_date('11/11/2015', 'DD/MM/YYYY'));
INSERT INTO objednavka (cislo_objednavky, datum_objednavky, cislo_stavu_objednavky, datum_stavu_objednavky) VALUES (364, to_date('14/06/2011', 'DD/MM/YYYY'), 1, to_date('08/10/2016', 'DD/MM/YYYY'));
INSERT INTO objednavka (cislo_objednavky, datum_objednavky, cislo_stavu_objednavky, datum_stavu_objednavky) VALUES (365, to_date('18/06/2015', 'DD/MM/YYYY'), 1, to_date('22/12/2011', 'DD/MM/YYYY'));
INSERT INTO objednavka (cislo_objednavky, datum_objednavky, cislo_stavu_objednavky, datum_stavu_objednavky) VALUES (366, to_date('03/05/2010', 'DD/MM/YYYY'), 2, to_date('08/05/2014', 'DD/MM/YYYY'));
INSERT INTO objednavka (cislo_objednavky, datum_objednavky, cislo_stavu_objednavky, datum_stavu_objednavky) VALUES (367, to_date('27/06/2016', 'DD/MM/YYYY'), 1, to_date('04/09/2013', 'DD/MM/YYYY'));
INSERT INTO objednavka (cislo_objednavky, datum_objednavky, cislo_stavu_objednavky, datum_stavu_objednavky) VALUES (368, to_date('22/01/2014', 'DD/MM/YYYY'), 0, to_date('23/01/2010', 'DD/MM/YYYY'));
INSERT INTO objednavka (cislo_objednavky, datum_objednavky, cislo_stavu_objednavky, datum_stavu_objednavky) VALUES (369, to_date('11/11/2011', 'DD/MM/YYYY'), 1, to_date('23/03/2010', 'DD/MM/YYYY'));
INSERT INTO objednavka (cislo_objednavky, datum_objednavky, cislo_stavu_objednavky, datum_stavu_objednavky) VALUES (370, to_date('25/03/2010', 'DD/MM/YYYY'), 2, to_date('20/10/2011', 'DD/MM/YYYY'));
INSERT INTO objednavka (cislo_objednavky, datum_objednavky, cislo_stavu_objednavky, datum_stavu_objednavky) VALUES (371, to_date('27/10/2012', 'DD/MM/YYYY'), 2, to_date('29/03/2017', 'DD/MM/YYYY'));
INSERT INTO objednavka (cislo_objednavky, datum_objednavky, cislo_stavu_objednavky, datum_stavu_objednavky) VALUES (372, to_date('04/06/2014', 'DD/MM/YYYY'), 1, to_date('25/11/2012', 'DD/MM/YYYY'));
INSERT INTO objednavka (cislo_objednavky, datum_objednavky, cislo_stavu_objednavky, datum_stavu_objednavky) VALUES (373, to_date('07/03/2016', 'DD/MM/YYYY'), 1, to_date('07/10/2014', 'DD/MM/YYYY'));
INSERT INTO objednavka (cislo_objednavky, datum_objednavky, cislo_stavu_objednavky, datum_stavu_objednavky) VALUES (374, to_date('19/04/2015', 'DD/MM/YYYY'), 0, to_date('15/05/2013', 'DD/MM/YYYY'));
INSERT INTO objednavka (cislo_objednavky, datum_objednavky, cislo_stavu_objednavky, datum_stavu_objednavky) VALUES (375, to_date('18/02/2017', 'DD/MM/YYYY'), 2, to_date('27/10/2014', 'DD/MM/YYYY'));
INSERT INTO objednavka (cislo_objednavky, datum_objednavky, cislo_stavu_objednavky, datum_stavu_objednavky) VALUES (376, to_date('31/03/2014', 'DD/MM/YYYY'), 0, to_date('28/02/2012', 'DD/MM/YYYY'));
INSERT INTO objednavka (cislo_objednavky, datum_objednavky, cislo_stavu_objednavky, datum_stavu_objednavky) VALUES (377, to_date('06/05/2013', 'DD/MM/YYYY'), 0, to_date('01/03/2013', 'DD/MM/YYYY'));
INSERT INTO objednavka (cislo_objednavky, datum_objednavky, cislo_stavu_objednavky, datum_stavu_objednavky) VALUES (378, to_date('26/08/2014', 'DD/MM/YYYY'), 0, to_date('06/10/2012', 'DD/MM/YYYY'));
INSERT INTO objednavka (cislo_objednavky, datum_objednavky, cislo_stavu_objednavky, datum_stavu_objednavky) VALUES (379, to_date('04/08/2017', 'DD/MM/YYYY'), 2, to_date('06/03/2017', 'DD/MM/YYYY'));
INSERT INTO objednavka (cislo_objednavky, datum_objednavky, cislo_stavu_objednavky, datum_stavu_objednavky) VALUES (380, to_date('01/03/2016', 'DD/MM/YYYY'), 0, to_date('20/12/2015', 'DD/MM/YYYY'));
INSERT INTO objednavka (cislo_objednavky, datum_objednavky, cislo_stavu_objednavky, datum_stavu_objednavky) VALUES (381, to_date('16/09/2015', 'DD/MM/YYYY'), 1, to_date('29/06/2016', 'DD/MM/YYYY'));
INSERT INTO objednavka (cislo_objednavky, datum_objednavky, cislo_stavu_objednavky, datum_stavu_objednavky) VALUES (382, to_date('19/05/2010', 'DD/MM/YYYY'), 1, to_date('30/04/2010', 'DD/MM/YYYY'));
INSERT INTO objednavka (cislo_objednavky, datum_objednavky, cislo_stavu_objednavky, datum_stavu_objednavky) VALUES (383, to_date('19/05/2016', 'DD/MM/YYYY'), 1, to_date('29/10/2012', 'DD/MM/YYYY'));
INSERT INTO objednavka (cislo_objednavky, datum_objednavky, cislo_stavu_objednavky, datum_stavu_objednavky) VALUES (384, to_date('24/05/2013', 'DD/MM/YYYY'), 2, to_date('19/02/2015', 'DD/MM/YYYY'));
INSERT INTO objednavka (cislo_objednavky, datum_objednavky, cislo_stavu_objednavky, datum_stavu_objednavky) VALUES (385, to_date('05/06/2016', 'DD/MM/YYYY'), 2, to_date('14/06/2014', 'DD/MM/YYYY'));
INSERT INTO objednavka (cislo_objednavky, datum_objednavky, cislo_stavu_objednavky, datum_stavu_objednavky) VALUES (386, to_date('29/10/2017', 'DD/MM/YYYY'), 2, to_date('08/07/2015', 'DD/MM/YYYY'));
INSERT INTO objednavka (cislo_objednavky, datum_objednavky, cislo_stavu_objednavky, datum_stavu_objednavky) VALUES (387, to_date('30/04/2014', 'DD/MM/YYYY'), 1, to_date('17/12/2012', 'DD/MM/YYYY'));
INSERT INTO objednavka (cislo_objednavky, datum_objednavky, cislo_stavu_objednavky, datum_stavu_objednavky) VALUES (388, to_date('27/12/2011', 'DD/MM/YYYY'), 0, to_date('25/02/2012', 'DD/MM/YYYY'));
INSERT INTO objednavka (cislo_objednavky, datum_objednavky, cislo_stavu_objednavky, datum_stavu_objednavky) VALUES (389, to_date('11/05/2015', 'DD/MM/YYYY'), 1, to_date('13/04/2011', 'DD/MM/YYYY'));
INSERT INTO objednavka (cislo_objednavky, datum_objednavky, cislo_stavu_objednavky, datum_stavu_objednavky) VALUES (390, to_date('18/03/2012', 'DD/MM/YYYY'), 1, to_date('10/05/2017', 'DD/MM/YYYY'));
INSERT INTO objednavka (cislo_objednavky, datum_objednavky, cislo_stavu_objednavky, datum_stavu_objednavky) VALUES (391, to_date('18/12/2015', 'DD/MM/YYYY'), 1, to_date('29/03/2013', 'DD/MM/YYYY'));
INSERT INTO objednavka (cislo_objednavky, datum_objednavky, cislo_stavu_objednavky, datum_stavu_objednavky) VALUES (392, to_date('25/03/2011', 'DD/MM/YYYY'), 1, to_date('01/05/2011', 'DD/MM/YYYY'));
INSERT INTO objednavka (cislo_objednavky, datum_objednavky, cislo_stavu_objednavky, datum_stavu_objednavky) VALUES (393, to_date('10/05/2012', 'DD/MM/YYYY'), 1, to_date('30/12/2013', 'DD/MM/YYYY'));
INSERT INTO objednavka (cislo_objednavky, datum_objednavky, cislo_stavu_objednavky, datum_stavu_objednavky) VALUES (394, to_date('02/11/2011', 'DD/MM/YYYY'), 2, to_date('05/10/2016', 'DD/MM/YYYY'));
INSERT INTO objednavka (cislo_objednavky, datum_objednavky, cislo_stavu_objednavky, datum_stavu_objednavky) VALUES (395, to_date('08/01/2010', 'DD/MM/YYYY'), 1, to_date('17/07/2016', 'DD/MM/YYYY'));
INSERT INTO objednavka (cislo_objednavky, datum_objednavky, cislo_stavu_objednavky, datum_stavu_objednavky) VALUES (396, to_date('28/01/2015', 'DD/MM/YYYY'), 2, to_date('07/05/2012', 'DD/MM/YYYY'));
INSERT INTO objednavka (cislo_objednavky, datum_objednavky, cislo_stavu_objednavky, datum_stavu_objednavky) VALUES (397, to_date('03/02/2016', 'DD/MM/YYYY'), 1, to_date('23/08/2010', 'DD/MM/YYYY'));
INSERT INTO objednavka (cislo_objednavky, datum_objednavky, cislo_stavu_objednavky, datum_stavu_objednavky) VALUES (398, to_date('01/06/2013', 'DD/MM/YYYY'), 2, to_date('05/05/2010', 'DD/MM/YYYY'));
INSERT INTO objednavka (cislo_objednavky, datum_objednavky, cislo_stavu_objednavky, datum_stavu_objednavky) VALUES (399, to_date('02/02/2013', 'DD/MM/YYYY'), 2, to_date('13/08/2015', 'DD/MM/YYYY'));
INSERT INTO objednavka (cislo_objednavky, datum_objednavky, cislo_stavu_objednavky, datum_stavu_objednavky) VALUES (400, to_date('30/09/2015', 'DD/MM/YYYY'), 0, to_date('16/05/2016', 'DD/MM/YYYY'));
INSERT INTO objednavka (cislo_objednavky, datum_objednavky, cislo_stavu_objednavky, datum_stavu_objednavky) VALUES (401, to_date('19/02/2016', 'DD/MM/YYYY'), 1, to_date('02/11/2015', 'DD/MM/YYYY'));
INSERT INTO objednavka (cislo_objednavky, datum_objednavky, cislo_stavu_objednavky, datum_stavu_objednavky) VALUES (402, to_date('13/08/2015', 'DD/MM/YYYY'), 1, to_date('27/09/2016', 'DD/MM/YYYY'));
INSERT INTO objednavka (cislo_objednavky, datum_objednavky, cislo_stavu_objednavky, datum_stavu_objednavky) VALUES (403, to_date('05/12/2010', 'DD/MM/YYYY'), 2, to_date('06/10/2010', 'DD/MM/YYYY'));
INSERT INTO objednavka (cislo_objednavky, datum_objednavky, cislo_stavu_objednavky, datum_stavu_objednavky) VALUES (404, to_date('24/10/2011', 'DD/MM/YYYY'), 1, to_date('20/08/2016', 'DD/MM/YYYY'));
INSERT INTO objednavka (cislo_objednavky, datum_objednavky, cislo_stavu_objednavky, datum_stavu_objednavky) VALUES (405, to_date('11/11/2010', 'DD/MM/YYYY'), 0, to_date('03/06/2016', 'DD/MM/YYYY'));
INSERT INTO objednavka (cislo_objednavky, datum_objednavky, cislo_stavu_objednavky, datum_stavu_objednavky) VALUES (406, to_date('08/11/2012', 'DD/MM/YYYY'), 1, to_date('28/06/2013', 'DD/MM/YYYY'));
INSERT INTO objednavka (cislo_objednavky, datum_objednavky, cislo_stavu_objednavky, datum_stavu_objednavky) VALUES (407, to_date('16/05/2010', 'DD/MM/YYYY'), 2, to_date('01/10/2014', 'DD/MM/YYYY'));
INSERT INTO objednavka (cislo_objednavky, datum_objednavky, cislo_stavu_objednavky, datum_stavu_objednavky) VALUES (408, to_date('30/10/2011', 'DD/MM/YYYY'), 0, to_date('24/04/2012', 'DD/MM/YYYY'));
INSERT INTO objednavka (cislo_objednavky, datum_objednavky, cislo_stavu_objednavky, datum_stavu_objednavky) VALUES (409, to_date('27/04/2010', 'DD/MM/YYYY'), 0, to_date('11/07/2011', 'DD/MM/YYYY'));
INSERT INTO objednavka (cislo_objednavky, datum_objednavky, cislo_stavu_objednavky, datum_stavu_objednavky) VALUES (410, to_date('02/02/2016', 'DD/MM/YYYY'), 0, to_date('05/03/2013', 'DD/MM/YYYY'));
INSERT INTO objednavka (cislo_objednavky, datum_objednavky, cislo_stavu_objednavky, datum_stavu_objednavky) VALUES (411, to_date('30/01/2012', 'DD/MM/YYYY'), 2, to_date('30/03/2016', 'DD/MM/YYYY'));
INSERT INTO objednavka (cislo_objednavky, datum_objednavky, cislo_stavu_objednavky, datum_stavu_objednavky) VALUES (412, to_date('28/03/2015', 'DD/MM/YYYY'), 0, to_date('10/03/2016', 'DD/MM/YYYY'));
INSERT INTO objednavka (cislo_objednavky, datum_objednavky, cislo_stavu_objednavky, datum_stavu_objednavky) VALUES (413, to_date('23/03/2013', 'DD/MM/YYYY'), 0, to_date('12/03/2010', 'DD/MM/YYYY'));
INSERT INTO objednavka (cislo_objednavky, datum_objednavky, cislo_stavu_objednavky, datum_stavu_objednavky) VALUES (414, to_date('20/12/2014', 'DD/MM/YYYY'), 0, to_date('13/07/2015', 'DD/MM/YYYY'));
INSERT INTO objednavka (cislo_objednavky, datum_objednavky, cislo_stavu_objednavky, datum_stavu_objednavky) VALUES (415, to_date('19/09/2011', 'DD/MM/YYYY'), 2, to_date('15/08/2015', 'DD/MM/YYYY'));
INSERT INTO objednavka (cislo_objednavky, datum_objednavky, cislo_stavu_objednavky, datum_stavu_objednavky) VALUES (416, to_date('08/11/2017', 'DD/MM/YYYY'), 2, to_date('10/05/2012', 'DD/MM/YYYY'));
INSERT INTO objednavka (cislo_objednavky, datum_objednavky, cislo_stavu_objednavky, datum_stavu_objednavky) VALUES (417, to_date('28/01/2015', 'DD/MM/YYYY'), 1, to_date('13/10/2013', 'DD/MM/YYYY'));
INSERT INTO objednavka (cislo_objednavky, datum_objednavky, cislo_stavu_objednavky, datum_stavu_objednavky) VALUES (418, to_date('31/07/2010', 'DD/MM/YYYY'), 0, to_date('17/02/2012', 'DD/MM/YYYY'));
INSERT INTO objednavka (cislo_objednavky, datum_objednavky, cislo_stavu_objednavky, datum_stavu_objednavky) VALUES (419, to_date('19/04/2010', 'DD/MM/YYYY'), 2, to_date('14/05/2014', 'DD/MM/YYYY'));
INSERT INTO objednavka (cislo_objednavky, datum_objednavky, cislo_stavu_objednavky, datum_stavu_objednavky) VALUES (420, to_date('09/11/2010', 'DD/MM/YYYY'), 1, to_date('25/08/2017', 'DD/MM/YYYY'));
INSERT INTO objednavka (cislo_objednavky, datum_objednavky, cislo_stavu_objednavky, datum_stavu_objednavky) VALUES (421, to_date('08/07/2017', 'DD/MM/YYYY'), 1, to_date('28/05/2010', 'DD/MM/YYYY'));
INSERT INTO objednavka (cislo_objednavky, datum_objednavky, cislo_stavu_objednavky, datum_stavu_objednavky) VALUES (422, to_date('02/09/2017', 'DD/MM/YYYY'), 2, to_date('10/10/2011', 'DD/MM/YYYY'));
INSERT INTO objednavka (cislo_objednavky, datum_objednavky, cislo_stavu_objednavky, datum_stavu_objednavky) VALUES (423, to_date('21/11/2011', 'DD/MM/YYYY'), 1, to_date('11/12/2012', 'DD/MM/YYYY'));
INSERT INTO objednavka (cislo_objednavky, datum_objednavky, cislo_stavu_objednavky, datum_stavu_objednavky) VALUES (424, to_date('09/08/2012', 'DD/MM/YYYY'), 2, to_date('11/11/2010', 'DD/MM/YYYY'));
INSERT INTO objednavka (cislo_objednavky, datum_objednavky, cislo_stavu_objednavky, datum_stavu_objednavky) VALUES (425, to_date('20/03/2017', 'DD/MM/YYYY'), 0, to_date('12/10/2017', 'DD/MM/YYYY'));
INSERT INTO objednavka (cislo_objednavky, datum_objednavky, cislo_stavu_objednavky, datum_stavu_objednavky) VALUES (426, to_date('13/02/2012', 'DD/MM/YYYY'), 0, to_date('24/12/2013', 'DD/MM/YYYY'));
INSERT INTO objednavka (cislo_objednavky, datum_objednavky, cislo_stavu_objednavky, datum_stavu_objednavky) VALUES (427, to_date('07/01/2012', 'DD/MM/YYYY'), 1, to_date('19/01/2015', 'DD/MM/YYYY'));
INSERT INTO objednavka (cislo_objednavky, datum_objednavky, cislo_stavu_objednavky, datum_stavu_objednavky) VALUES (428, to_date('19/04/2012', 'DD/MM/YYYY'), 0, to_date('14/09/2013', 'DD/MM/YYYY'));
INSERT INTO objednavka (cislo_objednavky, datum_objednavky, cislo_stavu_objednavky, datum_stavu_objednavky) VALUES (429, to_date('14/10/2010', 'DD/MM/YYYY'), 0, to_date('22/12/2012', 'DD/MM/YYYY'));
INSERT INTO objednavka (cislo_objednavky, datum_objednavky, cislo_stavu_objednavky, datum_stavu_objednavky) VALUES (430, to_date('25/07/2010', 'DD/MM/YYYY'), 1, to_date('25/11/2014', 'DD/MM/YYYY'));
INSERT INTO objednavka (cislo_objednavky, datum_objednavky, cislo_stavu_objednavky, datum_stavu_objednavky) VALUES (431, to_date('31/12/2016', 'DD/MM/YYYY'), 1, to_date('15/09/2013', 'DD/MM/YYYY'));
INSERT INTO objednavka (cislo_objednavky, datum_objednavky, cislo_stavu_objednavky, datum_stavu_objednavky) VALUES (432, to_date('23/08/2010', 'DD/MM/YYYY'), 0, to_date('26/07/2012', 'DD/MM/YYYY'));
INSERT INTO objednavka (cislo_objednavky, datum_objednavky, cislo_stavu_objednavky, datum_stavu_objednavky) VALUES (433, to_date('03/08/2015', 'DD/MM/YYYY'), 0, to_date('11/06/2012', 'DD/MM/YYYY'));
INSERT INTO objednavka (cislo_objednavky, datum_objednavky, cislo_stavu_objednavky, datum_stavu_objednavky) VALUES (434, to_date('05/05/2011', 'DD/MM/YYYY'), 0, to_date('27/08/2015', 'DD/MM/YYYY'));
INSERT INTO objednavka (cislo_objednavky, datum_objednavky, cislo_stavu_objednavky, datum_stavu_objednavky) VALUES (435, to_date('27/07/2012', 'DD/MM/YYYY'), 1, to_date('29/10/2017', 'DD/MM/YYYY'));
INSERT INTO objednavka (cislo_objednavky, datum_objednavky, cislo_stavu_objednavky, datum_stavu_objednavky) VALUES (436, to_date('02/01/2014', 'DD/MM/YYYY'), 1, to_date('12/08/2010', 'DD/MM/YYYY'));
INSERT INTO objednavka (cislo_objednavky, datum_objednavky, cislo_stavu_objednavky, datum_stavu_objednavky) VALUES (437, to_date('12/04/2011', 'DD/MM/YYYY'), 1, to_date('27/06/2010', 'DD/MM/YYYY'));
INSERT INTO objednavka (cislo_objednavky, datum_objednavky, cislo_stavu_objednavky, datum_stavu_objednavky) VALUES (438, to_date('04/09/2012', 'DD/MM/YYYY'), 1, to_date('19/08/2011', 'DD/MM/YYYY'));
INSERT INTO objednavka (cislo_objednavky, datum_objednavky, cislo_stavu_objednavky, datum_stavu_objednavky) VALUES (439, to_date('30/04/2016', 'DD/MM/YYYY'), 1, to_date('12/09/2012', 'DD/MM/YYYY'));
INSERT INTO objednavka (cislo_objednavky, datum_objednavky, cislo_stavu_objednavky, datum_stavu_objednavky) VALUES (440, to_date('29/12/2010', 'DD/MM/YYYY'), 2, to_date('09/12/2011', 'DD/MM/YYYY'));
INSERT INTO objednavka (cislo_objednavky, datum_objednavky, cislo_stavu_objednavky, datum_stavu_objednavky) VALUES (441, to_date('25/05/2017', 'DD/MM/YYYY'), 1, to_date('17/06/2015', 'DD/MM/YYYY'));
INSERT INTO objednavka (cislo_objednavky, datum_objednavky, cislo_stavu_objednavky, datum_stavu_objednavky) VALUES (442, to_date('17/11/2013', 'DD/MM/YYYY'), 0, to_date('11/06/2011', 'DD/MM/YYYY'));
INSERT INTO objednavka (cislo_objednavky, datum_objednavky, cislo_stavu_objednavky, datum_stavu_objednavky) VALUES (443, to_date('12/12/2011', 'DD/MM/YYYY'), 0, to_date('22/11/2017', 'DD/MM/YYYY'));
INSERT INTO objednavka (cislo_objednavky, datum_objednavky, cislo_stavu_objednavky, datum_stavu_objednavky) VALUES (444, to_date('15/09/2010', 'DD/MM/YYYY'), 2, to_date('13/03/2015', 'DD/MM/YYYY'));
INSERT INTO objednavka (cislo_objednavky, datum_objednavky, cislo_stavu_objednavky, datum_stavu_objednavky) VALUES (445, to_date('04/02/2016', 'DD/MM/YYYY'), 1, to_date('01/11/2013', 'DD/MM/YYYY'));
INSERT INTO objednavka (cislo_objednavky, datum_objednavky, cislo_stavu_objednavky, datum_stavu_objednavky) VALUES (446, to_date('22/05/2014', 'DD/MM/YYYY'), 1, to_date('16/01/2013', 'DD/MM/YYYY'));
INSERT INTO objednavka (cislo_objednavky, datum_objednavky, cislo_stavu_objednavky, datum_stavu_objednavky) VALUES (447, to_date('07/08/2013', 'DD/MM/YYYY'), 1, to_date('02/10/2014', 'DD/MM/YYYY'));
INSERT INTO objednavka (cislo_objednavky, datum_objednavky, cislo_stavu_objednavky, datum_stavu_objednavky) VALUES (448, to_date('20/12/2015', 'DD/MM/YYYY'), 1, to_date('01/06/2011', 'DD/MM/YYYY'));
INSERT INTO objednavka (cislo_objednavky, datum_objednavky, cislo_stavu_objednavky, datum_stavu_objednavky) VALUES (449, to_date('23/11/2012', 'DD/MM/YYYY'), 2, to_date('08/12/2017', 'DD/MM/YYYY'));
INSERT INTO objednavka (cislo_objednavky, datum_objednavky, cislo_stavu_objednavky, datum_stavu_objednavky) VALUES (450, to_date('08/02/2014', 'DD/MM/YYYY'), 1, to_date('27/03/2017', 'DD/MM/YYYY'));
INSERT INTO objednavka (cislo_objednavky, datum_objednavky, cislo_stavu_objednavky, datum_stavu_objednavky) VALUES (451, to_date('02/01/2015', 'DD/MM/YYYY'), 0, to_date('03/08/2014', 'DD/MM/YYYY'));
INSERT INTO objednavka (cislo_objednavky, datum_objednavky, cislo_stavu_objednavky, datum_stavu_objednavky) VALUES (452, to_date('31/08/2013', 'DD/MM/YYYY'), 2, to_date('16/10/2012', 'DD/MM/YYYY'));
INSERT INTO objednavka (cislo_objednavky, datum_objednavky, cislo_stavu_objednavky, datum_stavu_objednavky) VALUES (453, to_date('02/05/2014', 'DD/MM/YYYY'), 2, to_date('16/12/2014', 'DD/MM/YYYY'));
INSERT INTO objednavka (cislo_objednavky, datum_objednavky, cislo_stavu_objednavky, datum_stavu_objednavky) VALUES (454, to_date('07/10/2012', 'DD/MM/YYYY'), 1, to_date('17/09/2014', 'DD/MM/YYYY'));
INSERT INTO objednavka (cislo_objednavky, datum_objednavky, cislo_stavu_objednavky, datum_stavu_objednavky) VALUES (455, to_date('17/02/2014', 'DD/MM/YYYY'), 2, to_date('23/11/2011', 'DD/MM/YYYY'));
INSERT INTO objednavka (cislo_objednavky, datum_objednavky, cislo_stavu_objednavky, datum_stavu_objednavky) VALUES (456, to_date('26/11/2017', 'DD/MM/YYYY'), 0, to_date('17/10/2017', 'DD/MM/YYYY'));
INSERT INTO objednavka (cislo_objednavky, datum_objednavky, cislo_stavu_objednavky, datum_stavu_objednavky) VALUES (457, to_date('25/07/2013', 'DD/MM/YYYY'), 1, to_date('16/03/2017', 'DD/MM/YYYY'));
INSERT INTO objednavka (cislo_objednavky, datum_objednavky, cislo_stavu_objednavky, datum_stavu_objednavky) VALUES (458, to_date('14/03/2010', 'DD/MM/YYYY'), 1, to_date('19/07/2016', 'DD/MM/YYYY'));
INSERT INTO objednavka (cislo_objednavky, datum_objednavky, cislo_stavu_objednavky, datum_stavu_objednavky) VALUES (459, to_date('05/11/2017', 'DD/MM/YYYY'), 2, to_date('07/05/2013', 'DD/MM/YYYY'));
INSERT INTO objednavka (cislo_objednavky, datum_objednavky, cislo_stavu_objednavky, datum_stavu_objednavky) VALUES (460, to_date('28/10/2010', 'DD/MM/YYYY'), 1, to_date('03/08/2011', 'DD/MM/YYYY'));
INSERT INTO objednavka (cislo_objednavky, datum_objednavky, cislo_stavu_objednavky, datum_stavu_objednavky) VALUES (461, to_date('20/01/2010', 'DD/MM/YYYY'), 1, to_date('04/03/2012', 'DD/MM/YYYY'));
INSERT INTO objednavka (cislo_objednavky, datum_objednavky, cislo_stavu_objednavky, datum_stavu_objednavky) VALUES (462, to_date('25/03/2013', 'DD/MM/YYYY'), 1, to_date('28/03/2011', 'DD/MM/YYYY'));
INSERT INTO objednavka (cislo_objednavky, datum_objednavky, cislo_stavu_objednavky, datum_stavu_objednavky) VALUES (463, to_date('15/06/2013', 'DD/MM/YYYY'), 1, to_date('19/04/2016', 'DD/MM/YYYY'));
INSERT INTO objednavka (cislo_objednavky, datum_objednavky, cislo_stavu_objednavky, datum_stavu_objednavky) VALUES (464, to_date('06/05/2010', 'DD/MM/YYYY'), 0, to_date('15/04/2017', 'DD/MM/YYYY'));
INSERT INTO objednavka (cislo_objednavky, datum_objednavky, cislo_stavu_objednavky, datum_stavu_objednavky) VALUES (465, to_date('05/03/2013', 'DD/MM/YYYY'), 1, to_date('01/04/2014', 'DD/MM/YYYY'));
INSERT INTO objednavka (cislo_objednavky, datum_objednavky, cislo_stavu_objednavky, datum_stavu_objednavky) VALUES (466, to_date('10/03/2010', 'DD/MM/YYYY'), 1, to_date('19/08/2014', 'DD/MM/YYYY'));
INSERT INTO objednavka (cislo_objednavky, datum_objednavky, cislo_stavu_objednavky, datum_stavu_objednavky) VALUES (467, to_date('16/10/2013', 'DD/MM/YYYY'), 2, to_date('06/03/2017', 'DD/MM/YYYY'));
INSERT INTO objednavka (cislo_objednavky, datum_objednavky, cislo_stavu_objednavky, datum_stavu_objednavky) VALUES (468, to_date('23/03/2014', 'DD/MM/YYYY'), 2, to_date('25/05/2010', 'DD/MM/YYYY'));
INSERT INTO objednavka (cislo_objednavky, datum_objednavky, cislo_stavu_objednavky, datum_stavu_objednavky) VALUES (469, to_date('26/11/2016', 'DD/MM/YYYY'), 1, to_date('22/11/2015', 'DD/MM/YYYY'));
INSERT INTO objednavka (cislo_objednavky, datum_objednavky, cislo_stavu_objednavky, datum_stavu_objednavky) VALUES (470, to_date('05/02/2013', 'DD/MM/YYYY'), 0, to_date('16/06/2017', 'DD/MM/YYYY'));
INSERT INTO objednavka (cislo_objednavky, datum_objednavky, cislo_stavu_objednavky, datum_stavu_objednavky) VALUES (471, to_date('27/09/2013', 'DD/MM/YYYY'), 1, to_date('20/10/2015', 'DD/MM/YYYY'));
INSERT INTO objednavka (cislo_objednavky, datum_objednavky, cislo_stavu_objednavky, datum_stavu_objednavky) VALUES (472, to_date('06/11/2012', 'DD/MM/YYYY'), 2, to_date('14/05/2012', 'DD/MM/YYYY'));
INSERT INTO objednavka (cislo_objednavky, datum_objednavky, cislo_stavu_objednavky, datum_stavu_objednavky) VALUES (473, to_date('24/03/2011', 'DD/MM/YYYY'), 0, to_date('21/11/2011', 'DD/MM/YYYY'));
INSERT INTO objednavka (cislo_objednavky, datum_objednavky, cislo_stavu_objednavky, datum_stavu_objednavky) VALUES (474, to_date('18/05/2011', 'DD/MM/YYYY'), 0, to_date('19/10/2011', 'DD/MM/YYYY'));
INSERT INTO objednavka (cislo_objednavky, datum_objednavky, cislo_stavu_objednavky, datum_stavu_objednavky) VALUES (475, to_date('25/01/2011', 'DD/MM/YYYY'), 0, to_date('08/01/2017', 'DD/MM/YYYY'));
INSERT INTO objednavka (cislo_objednavky, datum_objednavky, cislo_stavu_objednavky, datum_stavu_objednavky) VALUES (476, to_date('08/04/2013', 'DD/MM/YYYY'), 2, to_date('12/01/2017', 'DD/MM/YYYY'));
INSERT INTO objednavka (cislo_objednavky, datum_objednavky, cislo_stavu_objednavky, datum_stavu_objednavky) VALUES (477, to_date('03/02/2010', 'DD/MM/YYYY'), 2, to_date('20/02/2012', 'DD/MM/YYYY'));
INSERT INTO objednavka (cislo_objednavky, datum_objednavky, cislo_stavu_objednavky, datum_stavu_objednavky) VALUES (478, to_date('01/07/2017', 'DD/MM/YYYY'), 1, to_date('25/09/2014', 'DD/MM/YYYY'));
INSERT INTO objednavka (cislo_objednavky, datum_objednavky, cislo_stavu_objednavky, datum_stavu_objednavky) VALUES (479, to_date('20/09/2015', 'DD/MM/YYYY'), 1, to_date('03/06/2013', 'DD/MM/YYYY'));
INSERT INTO objednavka (cislo_objednavky, datum_objednavky, cislo_stavu_objednavky, datum_stavu_objednavky) VALUES (480, to_date('04/05/2014', 'DD/MM/YYYY'), 1, to_date('17/12/2017', 'DD/MM/YYYY'));
INSERT INTO objednavka (cislo_objednavky, datum_objednavky, cislo_stavu_objednavky, datum_stavu_objednavky) VALUES (481, to_date('11/08/2016', 'DD/MM/YYYY'), 1, to_date('25/05/2017', 'DD/MM/YYYY'));
INSERT INTO objednavka (cislo_objednavky, datum_objednavky, cislo_stavu_objednavky, datum_stavu_objednavky) VALUES (482, to_date('14/03/2013', 'DD/MM/YYYY'), 2, to_date('07/08/2017', 'DD/MM/YYYY'));
INSERT INTO objednavka (cislo_objednavky, datum_objednavky, cislo_stavu_objednavky, datum_stavu_objednavky) VALUES (483, to_date('30/04/2016', 'DD/MM/YYYY'), 2, to_date('22/01/2017', 'DD/MM/YYYY'));
INSERT INTO objednavka (cislo_objednavky, datum_objednavky, cislo_stavu_objednavky, datum_stavu_objednavky) VALUES (484, to_date('11/05/2016', 'DD/MM/YYYY'), 1, to_date('09/10/2014', 'DD/MM/YYYY'));
INSERT INTO objednavka (cislo_objednavky, datum_objednavky, cislo_stavu_objednavky, datum_stavu_objednavky) VALUES (485, to_date('07/09/2012', 'DD/MM/YYYY'), 0, to_date('21/07/2014', 'DD/MM/YYYY'));
INSERT INTO objednavka (cislo_objednavky, datum_objednavky, cislo_stavu_objednavky, datum_stavu_objednavky) VALUES (486, to_date('10/02/2015', 'DD/MM/YYYY'), 2, to_date('03/12/2016', 'DD/MM/YYYY'));
INSERT INTO objednavka (cislo_objednavky, datum_objednavky, cislo_stavu_objednavky, datum_stavu_objednavky) VALUES (487, to_date('20/07/2016', 'DD/MM/YYYY'), 0, to_date('21/05/2015', 'DD/MM/YYYY'));
INSERT INTO objednavka (cislo_objednavky, datum_objednavky, cislo_stavu_objednavky, datum_stavu_objednavky) VALUES (488, to_date('04/01/2012', 'DD/MM/YYYY'), 0, to_date('30/11/2017', 'DD/MM/YYYY'));
INSERT INTO objednavka (cislo_objednavky, datum_objednavky, cislo_stavu_objednavky, datum_stavu_objednavky) VALUES (489, to_date('22/11/2016', 'DD/MM/YYYY'), 2, to_date('05/09/2011', 'DD/MM/YYYY'));
INSERT INTO objednavka (cislo_objednavky, datum_objednavky, cislo_stavu_objednavky, datum_stavu_objednavky) VALUES (490, to_date('05/07/2010', 'DD/MM/YYYY'), 1, to_date('08/08/2011', 'DD/MM/YYYY'));
INSERT INTO objednavka (cislo_objednavky, datum_objednavky, cislo_stavu_objednavky, datum_stavu_objednavky) VALUES (491, to_date('19/04/2012', 'DD/MM/YYYY'), 0, to_date('15/06/2011', 'DD/MM/YYYY'));
INSERT INTO objednavka (cislo_objednavky, datum_objednavky, cislo_stavu_objednavky, datum_stavu_objednavky) VALUES (492, to_date('16/03/2011', 'DD/MM/YYYY'), 0, to_date('01/08/2016', 'DD/MM/YYYY'));
INSERT INTO objednavka (cislo_objednavky, datum_objednavky, cislo_stavu_objednavky, datum_stavu_objednavky) VALUES (493, to_date('14/03/2015', 'DD/MM/YYYY'), 0, to_date('20/02/2011', 'DD/MM/YYYY'));
INSERT INTO objednavka (cislo_objednavky, datum_objednavky, cislo_stavu_objednavky, datum_stavu_objednavky) VALUES (494, to_date('03/05/2012', 'DD/MM/YYYY'), 2, to_date('23/11/2012', 'DD/MM/YYYY'));
INSERT INTO objednavka (cislo_objednavky, datum_objednavky, cislo_stavu_objednavky, datum_stavu_objednavky) VALUES (495, to_date('18/06/2011', 'DD/MM/YYYY'), 0, to_date('03/01/2013', 'DD/MM/YYYY'));
INSERT INTO objednavka (cislo_objednavky, datum_objednavky, cislo_stavu_objednavky, datum_stavu_objednavky) VALUES (496, to_date('04/05/2016', 'DD/MM/YYYY'), 2, to_date('30/11/2014', 'DD/MM/YYYY'));
INSERT INTO objednavka (cislo_objednavky, datum_objednavky, cislo_stavu_objednavky, datum_stavu_objednavky) VALUES (497, to_date('28/01/2010', 'DD/MM/YYYY'), 0, to_date('09/10/2010', 'DD/MM/YYYY'));
INSERT INTO objednavka (cislo_objednavky, datum_objednavky, cislo_stavu_objednavky, datum_stavu_objednavky) VALUES (498, to_date('18/10/2014', 'DD/MM/YYYY'), 1, to_date('07/05/2012', 'DD/MM/YYYY'));
INSERT INTO objednavka (cislo_objednavky, datum_objednavky, cislo_stavu_objednavky, datum_stavu_objednavky) VALUES (499, to_date('16/10/2010', 'DD/MM/YYYY'), 1, to_date('05/04/2010', 'DD/MM/YYYY'));
COMMIT WORK;